Workbook
Name THZM4AB_pollen: HOL_LitTransp!$B$1:$CO$86
Name THZM4AB_pollen: HoloceneLitt2009!$B$1:$CO$87
Name THZM4AB_pollen: LittLittStacked!$B$3:$CO$87
Name THZM4AB_pollen: LittLittStackedPer!$B$3:$CO$87
Name THZM4AB_pollen_1: LittLittStackedPer!$B$3:$CO$87

Sheet UsigerLittStacked
C1: ABIES | D1: ACER | E1: ALISMATACE | F1: ALNUS | G1: ANDERE_ERI | H1: ANEMONE_TY | I1: ARCTOST_ | J1: ARMERIA | K1: ARTEMISIA | L1: BATRACHIUM | M1: BETULA | N1: BORAGINACE | O1: BOTRYCHIUM | P1: BUXUS | Q1: CALLUNA | R1: CALTHA_TYP | S1: CAMPANULAC | T1: CANNABIS | U1: CARDUUS_T_ | V1: CARPINUS | W1: CARYOPHYLL | X1: CENTAUREA | Y1: CENTAUREA2 | Z1: CENTAUREA3 | AA1: CENTAUREA_ | AB1: CEREALIA | AC1: CHAMAENERI | AD1: CHENOPODIA | AE1: ASTEROIDAE | AF1: CICHORIOIDEAE | AG1: CORYLUS | AH1: BRASSICAC_ | AI1: CYPERACEAE | AJ1: DIPSACACEA | AK1: ECHIUM | AL1: EMPETRUM | AM1: EPHEDRA | AN1: EPHEDRA_DI | AO1: EPHEDRA_FR | AP1: EPILOBIUM | AQ1: EQUISETUM | AR1: ERICA | AS1: EUONYMUS | AT1: EUONYMUS_V | AU1: FAGOPYRUM_ | AV1: FAGUS | AW1: FILICOPSIDA | AX1: FILIPENDUL | AY1: FILIPENDULA_T | AZ1: FRAXINUS | BA1: RUBIACEAE | BB1: GENTIANACE | BC1: GERANIUM | BD1: GYPSOPHILA | BE1: HEDERA | BF1: HELIANTHEM | BG1: HIPPOPHAEA | BH1: HUMULUS_TY | BI1: HYPERICUM | BJ1: ILEX | BK1: JUGLANS | BL1: JUNIPERUS | BM1: LAMIACEAE | BN1: LEGUMINOSEA | BO1: LIGULIFLOR | BP1: LILIACEAE | BQ1: LINUM | BR1: LITORELLA | BS1: LYC_CLAVAT | BT1: LYSIMACHIA | BU1: LYTHRUM | BV1: MELAMPYRUM | BW1: MENTHA | BX1: MENYANTHES | BY1: MERCURIALI | BZ1: MYRICA | CA1: MYRIOPHYLL | CB1: MYRIOPHYL2 | CC1: NUPHAR | CD1: NYMPHAEA | CE1: OPHIOGLOSS | CF1: FABACEAE | CG1: PARNASSIA | CH1: PEDIASTRUM | CI1: PICEA | CJ1: PINUS | CK1: PLANTAGO_L | CL1: PLANTAGO_M | CM1: PLANTAGO_2 | CN1: POLEMONIU2 | CO1: POLEMONIUM | CP1: POLYGONUM2 | CQ1: POLYGONUM_ | CR1: POLYGONUM4 | CS1: POLYGONUM3 | CT1: POLYPODIAC | CU1: POLYPODIUM | CV1: POPULUS | CW1: POTAMOGETO | CX1: POTENTILLA | CY1: PTERIDIUM | CZ1: QUERCUS | DA1: RANUNCULAC | DB1: RHAMNUS_CA | DC1: RHAMNUS_FR | DD1: RHEUM | DE1: ROSACEAE | DF1: RUMEX | DG1: SAGITTARIA | DH1: SALIX | DI1: SAMBUCUS | DJ1: SANGUISORB | DK1: SANGUISOR2 | DL1: SANGUISORBA_2 | DM1: SAROTHAMNU | DN1: SAXIFRAGA | DO1: SAXIFRAGA_ | DP1: SCROPHULARIA | DQ1: SECALE | DR1: SELAGINELLA | DS1: SOLANACEAE | DT1: SORBUS | DU1: SPARGANIUM | DV1: SPHAGNUM | DW1: SUCCISA | DX1: TAXUS | DY1: THALICTRUM | DZ1: TILIA | EA1: TRIFOLIUM_ | EB1: TUBULIFLOR | EC1: TYPHA_LATI | ED1: ULMUS | EE1: APIACEAE | EF1: URTICA | EG1: VACCINIUM | EH1: VALERIANA | EI1: VALERIANA_ | EJ1: VALERIANA2 | EK1: VIBURNUM | EL1: VICIA | EM1: VISCUM | EN1: POACEAE
B2: Type | C2: =LOOKUP(C4,[1]env!$A:$A,[1]env!$B:$B) -> Arboreal | D2: =LOOKUP(D4,[1]env!$A:$A,[1]env!$B:$B) -> Arboreal | E2: =LOOKUP(E4,[1]env!$A:$A,[1]env!$B:$B) -> Aquatic | F2: =LOOKUP(F4,[1]env!$A:$A,[1]env!$B:$B) -> Arboreal | G2: Herb | H2: Herb | I2: Herb | J2: Herb | K2: =LOOKUP(K4,[1]env!$A:$A,[1]env!$B:$B) -> Herb | L2: Aquatic | M2: =LOOKUP(M4,[1]env!$A:$A,[1]env!$B:$B) -> Arboreal | N2: Herb | O2: Herb | P2: =LOOKUP(P4,[1]env!$A:$A,[1]env!$B:$B) -> Arboreal | Q2: =LOOKUP(Q4,[1]env!$A:$A,[1]env!$B:$B) -> Herb | R2: Herb | S2: =LOOKUP(S4,[1]env!$A:$A,[1]env!$B:$B) -> Herb | T2: =LOOKUP(T4,[1]env!$A:$A,[1]env!$B:$B) -> Herb | U2: Herb | V2: =LOOKUP(V4,[1]env!$A:$A,[1]env!$B:$B) -> Arboreal | W2: =LOOKUP(W4,[1]env!$A:$A,[1]env!$B:$B) -> Herb | X2: =LOOKUP(X4,[1]env!$A:$A,[1]env!$B:$B) -> Herb | Y2: =LOOKUP(Y4,[1]env!$A:$A,[1]env!$B:$B) -> Herb | Z2: =LOOKUP(Z4,[1]env!$A:$A,[1]env!$B:$B) -> Herb | AA2: =LOOKUP(AA4,[1]env!$A:$A,[1]env!$B:$B) -> Herb | AB2: Herb | AC2: =LOOKUP(AC4,[1]env!$A:$A,[1]env!$B:$B) -> Herb | AD2: =LOOKUP(AD4,[1]env!$A:$A,[1]env!$B:$B) -> Herb | AE2: =LOOKUP(AE4,[1]env!$A:$A,[1]env!$B:$B) -> Herb | AF2: Herb | AG2: =LOOKUP(AG4,[1]env!$A:$A,[1]env!$B:$B) -> Arboreal | AH2: =LOOKUP(AH4,[1]env!$A:$A,[1]env!$B:$B) -> Herb | AI2: =LOOKUP(AI4,[1]env!$A:$A,[1]env!$B:$B) -> Herb | AJ2: =LOOKUP(AJ4,[1]env!$A:$A,[1]env!$B:$B) -> Herb | AK2: =LOOKUP(AK4,[1]env!$A:$A,[1]env!$B:$B) -> Herb | AL2: Herb | AM2: Shrub | AN2: Shrub | AO2: Shrub | AP2: =LOOKUP(AP4,[1]env!$A:$A,[1]env!$B:$B) -> Herb | AQ2: =LOOKUP(AQ4,[1]env!$A:$A,[1]env!$B:$B) -> Aquatic | AR2: Herb | AS2: Arboreal | AT2: =LOOKUP(AT4,[1]env!$A:$A,[1]env!$B:$B) -> Arboreal | AU2: =LOOKUP(AU4,[1]env!$A:$A,[1]env!$B:$B) -> Herb | AV2: =LOOKUP(AV4,[1]env!$A:$A,[1]env!$B:$B) -> Arboreal | AW2: Aquatic | AX2: =LOOKUP(AX4,[1]env!$A:$A,[1]env!$B:$B) -> Herb | AY2: =LOOKUP(AY4,[1]env!$A:$A,[1]env!$B:$B) -> Herb | AZ2: =LOOKUP(AZ4,[1]env!$A:$A,[1]env!$B:$B) -> Arboreal | BA2: Herb | BB2: =LOOKUP(BB4,[1]env!$A:$A,[1]env!$B:$B) -> Herb | BC2: =LOOKUP(BC4,[1]env!$A:$A,[1]env!$B:$B) -> Herb | BD2: Herb | BE2: =LOOKUP(BE4,[1]env!$A:$A,[1]env!$B:$B) -> Herb | BF2: =LOOKUP(BF4,[1]env!$A:$A,[1]env!$B:$B) -> Herb | BG2: =LOOKUP(BG4,[1]env!$A:$A,[1]env!$B:$B) -> Arboreal | BH2: Herb | BI2: Herb | BJ2: Arboreal | BK2: =LOOKUP(BK4,[1]env!$A:$A,[1]env!$B:$B) -> Arboreal | BL2: =LOOKUP(BL4,[1]env!$A:$A,[1]env!$B:$B) -> Arboreal | BM2: =LOOKUP(BM4,[1]env!$A:$A,[1]env!$B:$B) -> Herb | BN2: =LOOKUP(BN4,[1]env!$A:$A,[1]env!$B:$B) -> Herb | BO2: Herb | BP2: =LOOKUP(BP4,[1]env!$A:$A,[1]env!$B:$B) -> Herb | BQ2: =LOOKUP(BQ4,[1]env!$A:$A,[1]env!$B:$B) -> Herb | BR2: Aquatic | BS2: Herb | BT2: Herb | BU2: Herb | BV2: Herb | BW2: =LOOKUP(BW4,[1]env!$A:$A,[1]env!$B:$B) -> Herb | BX2: Aquatic | BY2: Herb | BZ2: Arboreal | CA2: Aquatic | CB2: =LOOKUP(CB4,[1]env!$A:$A,[1]env!$B:$B) -> Aquatic | CC2: =LOOKUP(CC4,[1]env!$A:$A,[1]env!$B:$B) -> Aquatic | CD2: =LOOKUP(CD4,[1]env!$A:$A,[1]env!$B:$B) -> Aquatic | CE2: Fern | CF2: Shrub | CG2: Herb | CH2: =LOOKUP(CH4,[1]env!$A:$A,[1]env!$B:$B) -> Aquatic | CI2: =LOOKUP(CI4,[1]env!$A:$A,[1]env!$B:$B) -> Arboreal | CJ2: =LOOKUP(CJ4,[1]env!$A:$A,[1]env!$B:$B) -> Arboreal | CK2: =LOOKUP(CK4,[1]env!$A:$A,[1]env!$B:$B) -> Herb | CL2: =LOOKUP(CL4,[1]env!$A:$A,[1]env!$B:$B) -> Herb | CM2: =LOOKUP(CM4,[1]env!$A:$A,[1]env!$B:$B) -> Herb | CN2: =LOOKUP(CN4,[1]env!$A:$A,[1]env!$B:$B) -> Herb | CO2: =LOOKUP(CO4,[1]env!$A:$A,[1]env!$B:$B) -> Herb | ... CS2: =LOOKUP(CS4,[1]env!$A:$A,[1]env!$B:$B) -> Herb | CT2: Fern | CU2: Fern | CV2: =LOOKUP(CV4,[1]env!$A:$A,[1]env!$B:$B) -> Arboreal | CW2: =LOOKUP(CW4,[1]env!$A:$A,[1]env!$B:$B) -> Aquatic | CX2: Herb | CY2: Herb | CZ2: =LOOKUP(CZ4,[1]env!$A:$A,[1]env!$B:$B) -> Arboreal | DA2: =LOOKUP(DA4,[1]env!$A:$A,[1]env!$B:$B) -> Herb | DB2: Arboreal | DC2: =LOOKUP(DC4,[1]env!$A:$A,[1]env!$B:$B) -> Arboreal | DD2: Herb | DE2: =LOOKUP(DE4,[1]env!$A:$A,[1]env!$B:$B) -> Herb | DF2: Herb | DG2: Aquatic | DH2: =LOOKUP(DH4,[1]env!$A:$A,[1]env!$B:$B) -> Arboreal | DI2: =LOOKUP(DI4,[1]env!$A:$A,[1]env!$B:$B) -> Arboreal | DJ2: =LOOKUP(DJ4,[1]env!$A:$A,[1]env!$B:$B) -> Herb | DK2: =LOOKUP(DK4,[1]env!$A:$A,[1]env!$B:$B) -> Herb | DL2: =LOOKUP(DL4,[1]env!$A:$A,[1]env!$B:$B) -> Herb | DM2: Shrub | DN2: =LOOKUP(DN4,[1]env!$A:$A,[1]env!$B:$B) -> Herb | DO2: =LOOKUP(DO4,[1]env!$A:$A,[1]env!$B:$B) -> Herb | DP2: Herb | DQ2: =LOOKUP(DQ4,[1]env!$A:$A,[1]env!$B:$B) -> Herb | DR2: Moss | DS2: =LOOKUP(DS4,[1]env!$A:$A,[1]env!$B:$B) -> Herb | DT2: Arboreal | DU2: Aquatic | DV2: =LOOKUP(DV4,[1]env!$A:$A,[1]env!$B:$B) -> Aquatic | DW2: =LOOKUP(DW4,[1]env!$A:$A,[1]env!$B:$B) -> Herb | DX2: =LOOKUP(DX4,[1]env!$A:$A,[1]env!$B:$B) -> Arboreal | DY2: Herb | DZ2: =LOOKUP(DZ4,[1]env!$A:$A,[1]env!$B:$B) -> Arboreal | EA2: Herb | EB2: Herb | EC2: =LOOKUP(EC4,[1]env!$A:$A,[1]env!$B:$B) -> Aquatic | ED2: =LOOKUP(ED4,[1]env!$A:$A,[1]env!$B:$B) -> Arboreal | EE2: =LOOKUP(EE4,[1]env!$A:$A,[1]env!$B:$B) -> Herb | EF2: =LOOKUP(EF4,[1]env!$A:$A,[1]env!$B:$B) -> Herb | EG2: Herb | EH2: =LOOKUP(EH4,[1]env!$A:$A,[1]env!$B:$B) -> Herb | EI2: Herb | EJ2: Herb | EK2: Shrub | EL2: Herb | EM2: Herb | EN2: Herb
B3: Cat | C3: A | D3: A | E3: W | F3: A | G3: H | H3: H | I3: H | J3: H | K3: H | L3: W | M3: A | N3: H | O3: H | P3: A | Q3: H | R3: H | S3: H | T3: H | U3: H | V3: A | W3: H | X3: H | Y3: H | Z3: H | AA3: H | AB3: H | AC3: H | AD3: H | AE3: H | AF3: H | AG3: A | AH3: H | AI3: H | AJ3: H | AK3: H | AL3: H | AM3: A | AN3: A | AO3: A | AP3: H | AQ3: W | AR3: H | AS3: A | AT3: A | AU3: H | AV3: A | AW3: W | AX3: H | AY3: H | AZ3: A | BA3: H | BB3: H | BC3: H | BD3: H | BE3: H | BF3: H | BG3: A | BH3: H | BI3: H | BJ3: A | BK3: A | BL3: A | BM3: H | BN3: H | BO3: H | BP3: H | BQ3: H | BR3: W | BS3: H | BT3: H | BU3: H | BV3: H | BW3: H | BX3: W | BY3: H | BZ3: A | CA3: W | CB3: W | CC3: W | CD3: W | CE3: F | CF3: A | CG3: H | CH3: W | CI3: A | CJ3: A | CK3: H | CL3: H | CM3: H | CN3: H | CO3: H | CP3: H | CQ3: H | CR3: H | CS3: H | CT3: F | CU3: F | CV3: A | CW3: W | CX3: H | CY3: H | CZ3: A | DA3: H | DB3: A | DC3: A | DD3: H | DE3: H | DF3: H | DG3: W | DH3: A | DI3: A | DJ3: H | DK3: H | DL3: H | DM3: A | DN3: H | DO3: H | DP3: H | DQ3: H | DR3: F | DS3: H | DT3: A | DU3: W | DV3: W | DW3: H | DX3: A | DY3: H | DZ3: A | EA3: H | EB3: H | EC3: W | ED3: A | EE3: H | EF3: H | EG3: H | EH3: H | EI3: H | EJ3: H | EK3: A | EL3: H | EM3: H | EN3: H
A4: Depth (cm) | B4: Age | C4: Abies | D4: Acer | E4: Alisma | F4: Alnus | G4: Andere Erical.indet. | H4: Anemome Typ | I4: Arctost. | J4: Armeria | K4: Artemisia | L4: Batrachium | M4: Betula | N4: Boraginaceae | O4: Botrychium | P4: Buxus | Q4: Calluna | R4: Caltha | S4: Campanulaceae | T4: Cannabis | U4: Carduus T. | V4: Carpinus | W4: Caryophyllaceae | X4: Centaurea | Y4: Centaurea cyanus | Z4: Centaurea jacea | AA4: Centaurea scabiosa | AB4: Cerealia | AC4: Chamaenerion-T. | AD4: Chenopodiaceae | AE4: Compositae Subfam. Asteroideae | AF4: Compositae Subfam. Cichorioideae | AG4: Corylus | AH4: Cruciferae | AI4: Cyperaceae | AJ4: Dipsacaceae | AK4: Echium | AL4: Empetrum | AM4: Ephedra | AN4: Ephedra dist. | AO4: Ephedra frag. | AP4: Epilobium | AQ4: Equisetum | AR4: Erica | AS4: Euonymus | AT4: Euonymus/Viburnum | AU4: Fagopyrum esculentum | AV4: Fagus | AW4: Filicopsida monolete undiff. | AX4: Filipendula | AY4: Filipendula-type | AZ4: Fraxinus | BA4: Galium type | BB4: Gentianaceae | BC4: Geranium | BD4: Gypsophila | BE4: Hedera | BF4: Helianthemum | BG4: Hippophaea | BH4: Humulus-Typ | BI4: Hypericum | BJ4: Ilex | BK4: Juglans | BL4: Juniperus | BM4: Labiatae dreifaltig | BN4: Leguminosae | BO4: Liguliflorae | BP4: Liliaceae | BQ4: Linum | BR4: Litorella | BS4: Lyc.clavatum | BT4: Lysimachia | BU4: Lythrum | BV4: Melampyrum | BW4: Mentha | BX4: Menyanthes | BY4: Mercurialis annua | BZ4: Myrica | CA4: Myriophyllum altern. | CB4: Myriophyllum spicat. | CC4: Nuphar | CD4: Nymphaea | CE4: Ophioglossum | CF4: Papilionaceae | CG4: Parnassia | CH4: Pediastrum | CI4: Picea | CJ4: Pinus | CK4: Plantago lanceolata | CL4: Plantago major | CM4: Plantago maritima | CN4: Polemonium | CO4: Polemonium | CP4: Polygonum amphibium | CQ4: Polygonum aviculare | CR4: Polygonum bistorta | CS4: Polygonum persicaria | CT4: Polypodiaceae | CU4: Polypodium vulgare | CV4: Populus | CW4: Potamogeton-Typ | CX4: Potentilla | CY4: Pteridium | CZ4: Quercus | DA4: Ranunculaceae | DB4: Rhamnus cathatica | DC4: Rhamnus frangula | DD4: Rheum | DE4: Rosaceae | DF4: Rumex | DG4: Sagittaria | DH4: Salix | DI4: Sambucus | DJ4: Sanguisorba minor | DK4: Sanguisorba off. | DL4: Sanguisorba officinalis | DM4: Sarothamnus | DN4: Saxifraga | DO4: Saxifraga opp. | DP4: Scrophulariaceae | DQ4: Secale | DR4: Selaginella selaginoides | DS4: Solanaceae | DT4: Sorbus | DU4: Sparganium | DV4: Sphagnum | DW4: Succisa | DX4: Taxus | DY4: Thalictrum | DZ4: Tilia | EA4: Trifolium T. | EB4: Tubuliflorae psilat | EC4: Typha latifolium | ED4: Ulmus | EE4: Umbelliferae | EF4: Urtica | EG4: Vaccinium | EH4: Valeriana | EI4: Valeriana dioica | EJ4: Valeriana officinal. | EK4: Viburnum | EL4: Vicia-type | EM4: Viscum | EN4: Wildgramineae
A5: 1 | B5: -40 | C5: 1.5 | D5: 0 | E5: 0 | F5: 15 | G5: 0 | H5: 0 | I5: 0 | J5: 0 | K5: 0 | L5: 39 | M5: 33 | N5: 0 | O5: 0 | P5: 0 | Q5: 2 | R5: 0 | S5: 1 | T5: 1 | U5: 0 | V5: 18 | W5: 1 | X5: 0 | Y5: 0 | Z5: 0 | AA5: 0 | AB5: 25 | AC5: 0 | AD5: 6 | AG5: 18 | AH5: 2 | AI5: 37 | AJ5: 0 | AK5: 0 | AL5: 0 | AM5: 0 | AN5: 0 | AO5: 0 | AP5: 0 | AQ5: 0 | AR5: 0 | AS5: 0 | AT5: 0 | AU5: 0 | AV5: 53 | AX5: 4 | AZ5: 8 | BA5: 1 | BB5: 0 | BC5: 0 | BD5: 0 | BE5: 0 | BF5: 0 | BG5: 0 | BH5: 3 | BI5: 0 | BJ5: 0 | BK5: 0 | BL5: 5 | BM5: 0 | BO5: 5 | BP5: 0 | BQ5: 0 | BR5: 2 | BS5: 0 | BT5: 0 | BU5: 1 | BV5: 0 | BW5: 1 | BX5: 0 | BY5: 3 | BZ5: 0 | CA5: 3 | CB5: 1 | CC5: 0 | CD5: 0 | CE5: 0 | CF5: 0 | CG5: 0 | CH5: 93 | CI5: 20 | CJ5: 69 | CK5: 14 | CL5: 1 | CM5: 0 | CN5: 0 | CO5: 0 | CP5: 1 | CQ5: 1 | CS5: 0 | CT5: 7 | CU5: 0 | CV5: 1 | CW5: 8 | CX5: 0 | CY5: 2 | CZ5: 54 | DA5: 5 | DB5: 0 | DC5: 0 | DD5: 0 | DE5: 3 | DF5: 27 | DG5: 0 | DH5: 6 | DI5: 2 | DJ5: 1 | DK5: 0 | DM5: 0 | DN5: 0 | DO5: 0 | DQ5: 16 | DS5: 1 | DT5: 0 | DU5: 0 | DV5: 0 | DX5: 0 | DY5: 0 | DZ5: 0 | EA5: 0 | EB5: 12 | EC5: 0 | ED5: 3 | EE5: 0 | EF5: 34 | EG5: 0 | EH5: 0 | EI5: 0 | EJ5: 0 | EK5: 0 | EM5: 0 | EN5: 210
A6: 3 | B6: -39 | C6: 0 | D6: 0 | E6: 0 | F6: 35 | G6: 0 | H6: 0 | I6: 0 | J6: 0 | K6: 1 | L6: 37 | M6: 39 | N6: 0 | O6: 0 | P6: 0 | Q6: 2 | R6: 0 | S6: 0 | T6: 0 | U6: 0 | V6: 25 | W6: 0 | X6: 0 | Y6: 0 | Z6: 0 | AA6: 0 | AB6: 23 | AC6: 0 | AD6: 4 | AG6: 21 | AH6: 2 | AI6: 35 | AJ6: 0 | AK6: 0 | AL6: 0 | AM6: 0 | AN6: 0 | AO6: 0 | AP6: 0 | AQ6: 2 | AR6: 0 | AS6: 0 | AT6: 0 | AU6: 0 | AV6: 63 | AX6: 4 | AZ6: 13 | BA6: 1 | BB6: 0 | BC6: 0 | BD6: 0 | BE6: 0 | BF6: 0 | BG6: 0 | BH6: 1 | BI6: 0 | BJ6: 0 | BK6: 1 | BL6: 7 | BM6: 0 | BO6: 10 | BP6: 0 | BQ6: 0 | BR6: 2 | BS6: 0 | BT6: 0 | BU6: 0 | BV6: 0 | BW6: 0 | BX6: 0 | BY6: 4 | BZ6: 0 | CA6: 3 | CB6: 4 | CC6: 0 | CD6: 0 | CE6: 0 | CF6: 5 | CG6: 0 | CH6: 129 | CI6: 23 | CJ6: 73 | CK6: 21 | CL6: 4 | CM6: 0 | CN6: 0 | CO6: 0 | CP6: 0 | CQ6: 0 | CS6: 0 | CT6: 5 | CU6: 0 | CV6: 0 | CW6: 8 | CX6: 0 | CY6: 0 | CZ6: 59 | DA6: 13 | DB6: 0 | DC6: 0 | DD6: 0 | DE6: 4 | DF6: 30 | DG6: 0 | DH6: 8 | DI6: 2 | DJ6: 1 | DK6: 0 | DM6: 0 | DN6: 0 | DO6: 0 | DQ6: 24 | DS6: 0 | DT6: 0 | DU6: 1 | DV6: 0 | DX6: 0 | DY6: 0 | DZ6: 0 | EA6: 0 | EB6: 0 | EC6: 0 | ED6: 1 | EE6: 1 | EF6: 50 | EG6: 0 | EH6: 0 | EI6: 0 | EJ6: 0 | EK6: 0 | EM6: 0 | EN6: 258
A7: 5 | B7: -18 | C7: 0 | D7: 0 | E7: 0 | F7: 13 | G7: 0 | H7: 0 | I7: 0 | J7: 0 | K7: 2 | L7: 40 | M7: 39 | N7: 0 | O7: 0 | P7: 0 | Q7: 2 | R7: 0 | S7: 0 | T7: 1 | U7: 0 | V7: 13 | W7: 1 | X7: 0 | Y7: 0 | Z7: 0 | AA7: 0 | AB7: 27 | AC7: 0 | AD7: 4 | AG7: 17 | AH7: 4 | AI7: 33 | AJ7: 0 | AK7: 0 | AL7: 0 | AM7: 0 | AN7: 0 | AO7: 0 | AP7: 0 | AQ7: 0 | AR7: 0 | AS7: 0 | AT7: 0 | AU7: 0 | AV7: 81 | AX7: 1 | AZ7: 15 | BA7: 1 | BB7: 0 | BC7: 0 | BD7: 0 | BE7: 0 | BF7: 0 | BG7: 0 | BH7: 0 | BI7: 0 | BJ7: 0 | BK7: 0 | BL7: 11 | BM7: 0 | BO7: 4 | BP7: 0 | BQ7: 0 | BR7: 1 | BS7: 0 | BT7: 0 | BU7: 0 | BV7: 0 | BW7: 1 | BX7: 0 | BY7: 8 | BZ7: 0 | CA7: 9 | CB7: 6 | CC7: 0 | CD7: 0 | CE7: 0 | CF7: 0 | CG7: 0 | CH7: 131 | CI7: 125 | CJ7: 54.5 | CK7: 17 | CL7: 4 | CM7: 0 | CN7: 0 | CO7: 0 | CP7: 0 | CQ7: 2 | CS7: 0 | CT7: 5 | CU7: 0 | CV7: 4 | CW7: 8 | CX7: 0 | CY7: 0 | CZ7: 69 | DA7: 10 | DB7: 0 | DC7: 0 | DD7: 0 | DE7: 2 | DF7: 40 | DG7: 0 | DH7: 6 | DI7: 2 | DJ7: 0 | DK7: 0 | DM7: 0 | DN7: 0 | DO7: 0 | DQ7: 27 | DS7: 1 | DT7: 0 | DU7: 0 | DV7: 0 | DX7: 0 | DY7: 0 | DZ7: 1 | EA7: 0 | EB7: 5 | EC7: 0 | ED7: 4 | EE7: 3 | EF7: 36 | EG7: 0 | EH7: 0 | EI7: 0 | EJ7: 0 | EK7: 0 | EM7: 0 | EN7: 229
A8: 7 | B8: 3 | C8: 0 | D8: 0 | E8: 0 | F8: 24 | G8: 0 | H8: 0 | I8: 0 | J8: 0 | K8: 1 | L8: 23 | M8: 44 | N8: 0 | O8: 0 | P8: 1 | Q8: 2 | R8: 0 | S8: 0 | T8: 0 | U8: 0 | V8: 20 | W8: 0 | X8: 0 | Y8: 0 | Z8: 0 | AA8: 0 | AB8: 31 | AC8: 0 | AD8: 4 | AG8: 33 | AH8: 4 | AI8: 36 | AJ8: 0 | AK8: 0 | AL8: 0 | AM8: 0 | AN8: 0 | AO8: 0 | AP8: 0 | AQ8: 0 | AR8: 0 | AS8: 0 | AT8: 0 | AU8: 0 | AV8: 75 | AX8: 2 | AZ8: 11 | BA8: 0 | BB8: 0 | BC8: 0 | BD8: 0 | BE8: 0 | BF8: 0 | BG8: 0 | BH8: 0 | BI8: 0 | BJ8: 0 | BK8: 0 | BL8: 6 | BM8: 0 | BO8: 5 | BP8: 0 | BQ8: 0 | BR8: 2 | BS8: 0 | BT8: 0 | BU8: 0 | BV8: 0 | BW8: 1 | BX8: 0 | BY8: 6 | BZ8: 0 | CA8: 1 | CB8: 6 | CC8: 0 | CD8: 1 | CE8: 0 | CF8: 1 | CG8: 0 | CH8: 121 | CI8: 21 | CJ8: 65.5 | CK8: 11 | CL8: 2 | CM8: 0 | CN8: 0 | CO8: 0 | CP8: 1 | CQ8: 1 | CS8: 0 | CT8: 6 | CU8: 0 | CV8: 2 | CW8: 15 | CX8: 0 | CY8: 1 | CZ8: 68 | DA8: 9 | DB8: 0 | DC8: 0 | DD8: 0 | DE8: 2 | DF8: 19 | DG8: 0 | DH8: 18 | DI8: 3 | DJ8: 0 | DK8: 0 | DM8: 0 | DN8: 0 | DO8: 0 | DQ8: 23 | DS8: 0 | DT8: 0 | DU8: 1 | DV8: 0 | DX8: 0 | DY8: 0 | DZ8: 0 | EA8: 0 | EB8: 8 | EC8: 0 | ED8: 0 | EE8: 3 | EF8: 42 | EG8: 0 | EH8: 0 | EI8: 0 | EJ8: 0 | EK8: 0 | EM8: 0 | EN8: 305
A9: 10 | B9: 34 | C9: 0 | D9: 0 | E9: 0 | F9: 19 | G9: 0 | H9: 0 | I9: 0 | J9: 0 | K9: 1 | L9: 40 | M9: 46 | N9: 0 | O9: 0 | P9: 0 | Q9: 2 | R9: 0 | S9: 1 | T9: 1 | U9: 0 | V9: 21 | W9: 3 | X9: 0 | Y9: 0 | Z9: 0 | AA9: 0 | AB9: 20 | AC9: 0 | AD9: 4 | AG9: 18 | AH9: 5 | AI9: 42 | AJ9: 0 | AK9: 1 | AL9: 0 | AM9: 0 | AN9: 0 | AO9: 0 | AP9: 0 | AQ9: 0 | AR9: 0 | AS9: 0 | AT9: 0 | AU9: 0 | AV9: 73 | AX9: 4 | AZ9: 15 | BA9: 4 | BB9: 0 | BC9: 0 | BD9: 0 | BE9: 1 | BF9: 0 | BG9: 0 | BH9: 2 | BI9: 0 | BJ9: 0 | BK9: 1 | BL9: 14 | BM9: 0 | BO9: 8 | BP9: 0 | BQ9: 0 | BR9: 0 | BS9: 0 | BT9: 0 | BU9: 0 | BV9: 0 | BW9: 0 | BX9: 0 | BY9: 5 | BZ9: 0 | CA9: 1 | CB9: 4 | CC9: 0 | CD9: 0 | CE9: 0 | CF9: 3 | CG9: 0 | CH9: 145 | CI9: 20 | CJ9: 46 | CK9: 26 | CL9: 4 | CM9: 0 | CN9: 0 | CO9: 0 | CP9: 0 | CQ9: 0 | CS9: 0 | CT9: 5 | CU9: 0 | CV9: 6 | CW9: 13 | CX9: 0 | CY9: 4 | CZ9: 70 | DA9: 7 | DB9: 0 | DC9: 0 | DD9: 0 | DE9: 1 | DF9: 40 | DG9: 0 | DH9: 10 | DI9: 0 | DJ9: 1 | DK9: 0 | DM9: 0 | DN9: 0 | DO9: 0 | DQ9: 20 | DS9: 0 | DT9: 0 | DU9: 0 | DV9: 0 | DX9: 0 | DY9: 0 | DZ9: 0 | EA9: 0 | EB9: 4 | EC9: 0 | ED9: 4 | EE9: 2 | EF9: 27 | EG9: 0 | EH9: 0 | EI9: 0 | EJ9: 0 | EK9: 0 | EM9: 0 | EN9: 236
A10: 14 | B10: 71 | C10: 0 | D10: 0 | E10: 0 | F10: 15 | G10: 0 | H10: 0 | I10: 0 | J10: 0 | K10: 1 | L10: 26 | M10: 30 | N10: 0 | O10: 0 | P10: 0 | Q10: 0 | R10: 0 | S10: 1 | T10: 2 | U10: 0 | V10: 8 | W10: 0 | X10: 0 | Y10: 0 | Z10: 0 | AA10: 0 | AB10: 16 | AC10: 0 | AD10: 0 | AG10: 13 | AH10: 1 | AI10: 24 | AJ10: 0 | AK10: 0 | AL10: 0 | AM10: 0 | AN10: 0 | AO10: 0 | AP10: 0 | AQ10: 1 | AR10: 0 | AS10: 0 | AT10: 0 | AU10: 0 | AV10: 62 | AX10: 0 | AZ10: 7 | BA10: 1 | BB10: 0 | BC10: 0 | BD10: 0 | BE10: 0 | BF10: 0 | BG10: 0 | BH10: 0 | BI10: 0 | BJ10: 0 | BK10: 0 | BL10: 7 | BM10: 0 | BO10: 5 | BP10: 0 | BQ10: 0 | BR10: 0 | BS10: 0 | BT10: 0 | BU10: 1 | BV10: 0 | BW10: 0 | BX10: 0 | BY10: 3 | BZ10: 0 | CA10: 0 | CB10: 7 | CC10: 0 | CD10: 0 | CE10: 0 | CF10: 0 | CG10: 0 | CH10: 120 | CI10: 17 | CJ10: 42.5 | CK10: 10 | CL10: 2 | CM10: 0 | CN10: 0 | CO10: 0 | CP10: 0 | CQ10: 1 | CS10: 1 | CT10: 7 | CU10: 0 | CV10: 2 | CW10: 5 | CX10: 0 | CY10: 0 | CZ10: 49 | DA10: 5 | DB10: 0 | DC10: 0 | DD10: 0 | DE10: 4 | DF10: 31 | DG10: 0 | DH10: 5 | DI10: 4 | DJ10: 0 | DK10: 0 | DM10: 0 | DN10: 0 | DO10: 0 | DQ10: 12 | DS10: 0 | DT10: 0 | DU10: 0 | DV10: 0 | DX10: 0 | DY10: 0 | DZ10: 1 | EA10: 0 | EB10: 4 | EC10: 0 | ED10: 2 | EE10: 1 | EF10: 35 | EG10: 0 | EH10: 0 | EI10: 0 | EJ10: 0 | EK10: 0 | EM10: 0 | EN10: 185
A11: 18 | B11: 83 | C11: 0 | D11: 0 | E11: 0 | F11: 14 | G11: 0 | H11: 0 | I11: 0 | J11: 0 | K11: 0 | L11: 22 | M11: 35 | N11: 0 | O11: 0 | P11: 0 | Q11: 1 | R11: 0 | S11: 0 | T11: 3 | U11: 0 | V11: 21 | W11: 1 | X11: 0 | Y11: 0 | Z11: 0 | AA11: 0 | AB11: 19 | AC11: 0 | AD11: 3 | AG11: 18 | AH11: 1 | AI11: 25 | AJ11: 0 | AK11: 0 | AL11: 0 | AM11: 0 | AN11: 0 | AO11: 0 | AP11: 0 | AQ11: 0 | AR11: 0 | AS11: 0 | AT11: 0 | AU11: 0 | AV11: 46 | AX11: 1 | AZ11: 11 | BA11: 1 | BB11: 0 | BC11: 0 | BD11: 0 | BE11: 0 | BF11: 0 | BG11: 0 | BH11: 0 | BI11: 0 | BJ11: 0 | BK11: 0 | BL11: 3 | BM11: 0 | BO11: 7 | BP11: 0 | BQ11: 0 | BR11: 2 | BS11: 0 | BT11: 0 | BU11: 0 | BV11: 0 | BW11: 0 | BX11: 0 | BY11: 6 | BZ11: 0 | CA11: 1 | CB11: 3 | CC11: 0 | CD11: 0 | CE11: 0 | CF11: 4 | CG11: 0 | CH11: 111 | CI11: 10 | CJ11: 35 | CK11: 15 | CL11: 1 | CM11: 0 | CN11: 0 | CO11: 0 | CP11: 0 | CQ11: 1 | CS11: 0 | CT11: 1 | CU11: 0 | CV11: 2 | CW11: 4 | CX11: 0 | CY11: 1 | CZ11: 59 | DA11: 4 | DB11: 0 | DC11: 0 | DD11: 0 | DE11: 2 | DF11: 44 | DG11: 0 | DH11: 3 | DI11: 2 | DJ11: 2 | DK11: 0 | DM11: 0 | DN11: 0 | DO11: 0 | DQ11: 22 | DS11: 0 | DT11: 1 | DU11: 0 | DV11: 0 | DX11: 0 | DY11: 0 | DZ11: 0 | EA11: 0 | EB11: 3 | EC11: 0 | ED11: 2 | EE11: 2 | EF11: 32 | EG11: 0 | EH11: 0 | EI11: 0 | EJ11: 0 | EK11: 0 | EM11: 0 | EN11: 178
A12: 22 | B12: 94 | C12: 0 | D12: 0 | E12: 0 | F12: 18 | G12: 0 | H12: 0 | I12: 0 | J12: 0 | K12: 2 | L12: 42 | M12: 37 | N12: 0 | O12: 1 | P12: 0 | Q12: 5 | R12: 0 | S12: 0 | T12: 2 | U12: 0 | V12: 30 | W12: 0 | X12: 0 | Y12: 1 | Z12: 0 | AA12: 0 | AB12: 31 | AC12: 0 | AD12: 7 | AG12: 36 | AH12: 10 | AI12: 44 | AJ12: 0 | AK12: 0 | AL12: 0 | AM12: 0 | AN12: 0 | AO12: 0 | AP12: 0 | AQ12: 1 | AR12: 0 | AS12: 0 | AT12: 0 | AU12: 1 | AV12: 97 | AX12: 0 | AZ12: 22 | BA12: 3 | BB12: 0 | BC12: 0 | BD12: 0 | BE12: 0 | BF12: 0 | BG12: 0 | BH12: 0 | BI12: 0 | BJ12: 0 | BK12: 0 | BL12: 7 | BM12: 0 | BO12: 17 | BP12: 0 | BQ12: 0 | BR12: 2 | BS12: 0 | BT12: 0 | BU12: 0 | BV12: 0 | BW12: 0 | BX12: 0 | BY12: 8 | BZ12: 0 | CA12: 1 | CB12: 8 | CC12: 0 | CD12: 0 | CE12: 0 | CF12: 3 | CG12: 0 | CH12: 134 | CI12: 16 | CJ12: 43 | CK12: 32 | CL12: 5 | CM12: 0 | CN12: 0 | CO12: 0 | CP12: 0 | CQ12: 6 | CS12: 0 | CT12: 9 | CU12: 0 | CV12: 1 | CW12: 14 | CX12: 0 | CY12: 1 | CZ12: 66 | DA12: 10 | DB12: 0 | DC12: 1 | DD12: 0 | DE12: 1 | DF12: 49 | DG12: 0 | DH12: 6 | DI12: 0 | DJ12: 3 | DK12: 0 | DM12: 0 | DN12: 0 | DO12: 0 | DQ12: 36 | DS12: 0 | DT12: 0 | DU12: 0 | DV12: 1 | DX12: 1 | DY12: 0 | DZ12: 0 | EA12: 0 | EB12: 6 | EC12: 0 | ED12: 1 | EE12: 3 | EF12: 26 | EG12: 0 | EH12: 0 | EI12: 0 | EJ12: 0 | EK12: 0 | EM12: 0 | EN12: 269
A13: 26 | B13: 106 | C13: 0 | D13: 0 | E13: 0 | F13: 11 | G13: 0 | H13: 0 | I13: 0 | J13: 0 | K13: 1 | L13: 34 | M13: 22 | N13: 0 | O13: 0 | P13: 0 | Q13: 3 | R13: 0 | S13: 1 | T13: 0 | U13: 0 | V13: 19 | W13: 0 | X13: 0 | Y13: 0 | Z13: 0 | AA13: 0 | AB13: 15 | AC13: 0 | AD13: 3 | AG13: 17 | AH13: 7 | AI13: 20 | AJ13: 0 | AK13: 1 | AL13: 0 | AM13: 0 | AN13: 0 | AO13: 0 | AP13: 0 | AQ13: 0 | AR13: 0 | AS13: 0 | AT13: 0 | AU13: 0 | AV13: 81 | AX13: 3 | AZ13: 4 | BA13: 3 | BB13: 0 | BC13: 0 | BD13: 0 | BE13: 0 | BF13: 0 | BG13: 0 | BH13: 0 | BI13: 0 | BJ13: 0 | BK13: 0 | BL13: 2 | BM13: 0 | BO13: 13 | BP13: 0 | BQ13: 0 | BR13: 1 | BS13: 0 | BT13: 0 | BU13: 0 | BV13: 0 | BW13: 0 | BX13: 0 | BY13: 3 | BZ13: 0 | CA13: 0 | CB13: 2 | CC13: 0 | CD13: 0 | CE13: 0 | CF13: 2 | CG13: 0 | CH13: 102 | CI13: 7 | CJ13: 30 | CK13: 20 | CL13: 2 | CM13: 0 | CN13: 0 | CO13: 0 | CP13: 2 | CQ13: 0 | CS13: 0 | CT13: 6 | CU13: 0 | CV13: 2 | CW13: 6 | CX13: 0 | CY13: 1 | CZ13: 41 | DA13: 12 | DB13: 0 | DC13: 0 | DD13: 0 | DE13: 2 | DF13: 42 | DG13: 0 | DH13: 4 | DI13: 4 | DJ13: 0 | DK13: 0 | DM13: 0 | DN13: 0 | DO13: 0 | DQ13: 34 | DS13: 0 | DT13: 1 | DU13: 0 | DV13: 0 | DX13: 0 | DY13: 0 | DZ13: 0 | EA13: 0 | EB13: 4 | EC13: 0 | ED13: 5 | EE13: 3 | EF13: 17 | EG13: 0 | EH13: 0 | EI13: 0 | EJ13: 0 | EK13: 0 | EM13: 0 | EN13: 209
A14: 30 | B14: 112 | C14: 0 | D14: 1 | E14: 1 | F14: 21 | G14: 0 | H14: 0 | I14: 0 | J14: 0 | K14: 2 | L14: 47 | M14: 39 | N14: 0 | O14: 0 | P14: 0 | Q14: 2 | R14: 0 | S14: 1 | T14: 1 | U14: 0 | V14: 15 | W14: 3 | X14: 0 | Y14: 0 | Z14: 0 | AA14: 0 | AB14: 15 | AC14: 0 | AD14: 4 | AG14: 13 | AH14: 3 | AI14: 22 | AJ14: 0 | AK14: 0 | AL14: 0 | AM14: 0 | AN14: 0 | AO14: 0 | AP14: 0 | AQ14: 1 | AR14: 0 | AS14: 0 | AT14: 0 | AU14: 0 | AV14: 72 | AX14: 1 | AZ14: 11 | BA14: 0 | BB14: 0 | BC14: 0 | BD14: 0 | BE14: 0 | BF14: 0 | BG14: 0 | BH14: 0 | BI14: 0 | BJ14: 0 | BK14: 3 | BL14: 6 | BM14: 0 | BO14: 14 | BP14: 0 | BQ14: 0 | BR14: 0 | BS14: 0 | BT14: 0 | BU14: 0 | BV14: 3 | BW14: 0 | BX14: 0 | BY14: 11 | BZ14: 0 | CA14: 0 | CB14: 4 | CC14: 0 | CD14: 0 | CE14: 0 | CF14: 5 | CG14: 0 | CH14: 104 | CI14: 4 | CJ14: 44 | CK14: 30 | CL14: 5 | CM14: 0 | CN14: 0 | CO14: 0 | CP14: 0 | CQ14: 5 | CS14: 0 | CT14: 7 | CU14: 0 | CV14: 1 | CW14: 6 | CX14: 0 | CY14: 2 | CZ14: 42 | DA14: 14 | DB14: 0 | DC14: 0 | DD14: 0 | DE14: 0 | DF14: 47 | DG14: 0 | DH14: 3 | DI14: 0 | DJ14: 1 | DK14: 0 | DM14: 0 | DN14: 0 | DO14: 0 | DQ14: 19 | DS14: 0 | DT14: 0 | DU14: 1 | DV14: 0 | DX14: 0 | DY14: 0 | DZ14: 0 | EA14: 0 | EB14: 4 | EC14: 0 | ED14: 3 | EE14: 7 | EF14: 14 | EG14: 0 | EH14: 0 | EI14: 0 | EJ14: 0 | EK14: 2 | EM14: 0 | EN14: 211
A15: 34 | B15: 122 | C15: 0 | D15: 0 | E15: 0 | F15: 14 | G15: 0 | H15: 0 | I15: 0 | J15: 0 | K15: 1 | L15: 84 | M15: 36 | N15: 0 | O15: 0 | P15: 0 | Q15: 9 | R15: 0 | S15: 0 | T15: 2 | U15: 0 | V15: 25 | W15: 2 | X15: 0 | Y15: 0 | Z15: 0 | AA15: 0 | AB15: 43 | AC15: 0 | AD15: 7 | AG15: 22 | AH15: 6 | AI15: 25 | AJ15: 0 | AK15: 0 | AL15: 0 | AM15: 0 | AN15: 0 | AO15: 0 | AP15: 0 | AQ15: 2 | AR15: 0 | AS15: 0 | AT15: 0 | AU15: 0 | AV15: 100 | AX15: 4 | AZ15: 9 | BA15: 0 | BB15: 0 | BC15: 0 | BD15: 0 | BE15: 0 | BF15: 0 | BG15: 0 | BH15: 1 | BI15: 0 | BJ15: 0 | BK15: 0 | BL15: 8 | BM15: 0 | BO15: 15 | BP15: 0 | BQ15: 0 | BR15: 1 | BS15: 0 | BT15: 0 | BU15: 0 | BV15: 0 | BW15: 0 | BX15: 0 | BY15: 11 | BZ15: 0 | CA15: 0 | CB15: 4 | CC15: 0 | CD15: 0 | CE15: 0 | CF15: 1 | CG15: 0 | CH15: 230 | CI15: 7 | CJ15: 33 | CK15: 30 | CL15: 8 | CM15: 0 | CN15: 0 | CO15: 0 | CP15: 0 | CQ15: 1 | CS15: 0 | CT15: 9 | CU15: 0 | CV15: 2 | CW15: 9 | CX15: 0 | CY15: 1 | CZ15: 50 | DA15: 10 | DB15: 0 | DC15: 0 | DD15: 0 | DE15: 2 | DF15: 54 | DG15: 0 | DH15: 6 | DI15: 2 | DJ15: 2 | DK15: 0 | DM15: 0 | DN15: 0 | DO15: 0 | DQ15: 63 | DS15: 0 | DT15: 0 | DU15: 0 | DV15: 1 | DX15: 0 | DY15: 0 | DZ15: 0 | EA15: 0 | EB15: 5 | EC15: 0 | ED15: 3 | EE15: 1 | EF15: 18 | EG15: 0 | EH15: 0 | EI15: 0 | EJ15: 0 | EK15: 0 | EM15: 0 | EN15: 299
A16: 38 | B16: 134 | C16: 1 | D16: 0 | E16: 0 | F16: 17 | G16: 0 | H16: 0 | I16: 0 | J16: 0 | K16: 0 | L16: 106 | M16: 28 | N16: 0 | O16: 0 | P16: 0 | Q16: 16 | R16: 0 | S16: 0 | T16: 5 | U16: 0 | V16: 13 | W16: 3 | X16: 0 | Y16: 1 | Z16: 1 | AA16: 0 | AB16: 30 | AC16: 0 | AD16: 5 | AG16: 22 | AH16: 4 | AI16: 19 | AJ16: 0 | AK16: 0 | AL16: 0 | AM16: 0 | AN16: 0 | AO16: 0 | AP16: 0 | AQ16: 2 | AR16: 0 | AS16: 0 | AT16: 0 | AU16: 0 | AV16: 69 | AX16: 1 | AZ16: 7 | BA16: 2 | BB16: 0 | BC16: 0 | BD16: 0 | BE16: 0 | BF16: 0 | BG16: 0 | BH16: 0 | BI16: 0 | BJ16: 0 | BK16: 1 | BL16: 12 | BM16: 0 | BO16: 54 | BP16: 0 | BQ16: 0 | BR16: 0 | BS16: 0 | BT16: 0 | BU16: 0 | BV16: 0 | BW16: 1 | BX16: 0 | BY16: 6 | BZ16: 0 | CA16: 0 | CB16: 6 | CC16: 0 | CD16: 0 | CE16: 0 | CF16: 3 | CG16: 0 | CH16: 143 | CI16: 4 | CJ16: 52 | CK16: 28 | CL16: 2 | CM16: 0 | CN16: 0 | CO16: 0 | CP16: 0 | CQ16: 0 | CS16: 0 | CT16: 16 | CU16: 0 | CV16: 1 | CW16: 6 | CX16: 0 | CY16: 4 | CZ16: 63 | DA16: 7 | DB16: 0 | DC16: 0 | DD16: 0 | DE16: 0 | DF16: 67 | DG16: 0 | DH16: 3 | DI16: 0 | DJ16: 2 | DK16: 0 | DM16: 0 | DN16: 0 | DO16: 0 | DQ16: 101 | DS16: 0 | DT16: 0 | DU16: 0 | DV16: 1 | DX16: 0 | DY16: 0 | DZ16: 1 | EA16: 0 | EB16: 10 | EC16: 0 | ED16: 3 | EE16: 2 | EF16: 9 | EG16: 3 | EH16: 0 | EI16: 0 | EJ16: 0 | EK16: 0 | EM16: 0 | EN16: 352
... A341: 827 | B341: 10580 | C341: 0 | D341: 0 | E341: 0 | F341: 1 | G341: 0 | H341: 0 | I341: 0 | J341: 0 | K341: 6 | L341: 0 | M341: 166 | N341: 0 | O341: 0 | P341: 0 | Q341: 0 | R341: 0 | S341: 0 | T341: 0 | U341: 0 | V341: 0 | W341: 0 | X341: 0 | Y341: 0 | Z341: 0 | AA341: 0 | AB341: 0 | AC341: 0 | AD341: 0 | AG341: 1744 | AH341: 1 | AI341: 14 | AJ341: 0 | AK341: 0 | AL341: 0 | AM341: 0 | AN341: 0 | AO341: 0 | AP341: 0 | AQ341: 0 | AR341: 0 | AS341: 0 | AT341: 0 | AU341: 0 | AV341: 0 | AX341: 8 | AZ341: 0 | BA341: 1 | BB341: 0 | BC341: 0 | BD341: 0 | BE341: 0 | BF341: 0 | BG341: 0 | BH341: 1 | BI341: 0 | BJ341: 0 | BK341: 0 | BL341: 0 | BM341: 0 | BO341: 0 | BP341: 0 | BQ341: 0 | BR341: 0 | BS341: 0 | BT341: 0 | BU341: 0 | BV341: 0 | BW341: 0 | BX341: 0 | BY341: 0 | BZ341: 0 | CA341: 0 | CB341: 0 | CC341: 0 | CD341: 0 | CE341: 0 | CF341: 1 | CG341: 0 | CH341: 0 | CI341: 0 | CJ341: 234 | CK341: 0 | CL341: 0 | CM341: 0 | CN341: 0 | CO341: 0 | CP341: 0 | CQ341: 0 | CS341: 0 | CT341: 28 | CU341: 0 | CV341: 38 | CW341: 8 | CX341: 0 | CY341: 0 | CZ341: 25 | DA341: 0 | DB341: 0 | DC341: 0 | DD341: 0 | DE341: 3 | DF341: 3 | DG341: 0 | DH341: 28 | DI341: 0 | DJ341: 2 | DK341: 0 | DM341: 0 | DN341: 0 | DO341: 0 | DQ341: 0 | DS341: 0 | DT341: 0 | DU341: 4 | DV341: 0 | DX341: 0 | DY341: 4 | DZ341: 0 | EA341: 0 | EB341: 2 | EC341: 1 | ED341: 16 | EE341: 0 | EF341: 3 | EG341: 0 | EH341: 0 | EI341: 0 | EJ341: 0 | EK341: 0 | EM341: 0 | EN341: 38
A342: 829 | B342: 10609 | C342: 0 | D342: 0 | E342: 0 | F342: 0 | G342: 0 | H342: 0 | I342: 0 | J342: 0 | K342: 4 | L342: 0 | M342: 197 | N342: 0 | O342: 0 | P342: 0 | Q342: 0 | R342: 0 | S342: 0 | T342: 0 | U342: 0 | V342: 0 | W342: 0 | X342: 0 | Y342: 0 | Z342: 0 | AA342: 0 | AB342: 0 | AC342: 0 | AD342: 0 | AG342: 1828 | AH342: 0 | AI342: 12 | AJ342: 0 | AK342: 0 | AL342: 0 | AM342: 0 | AN342: 0 | AO342: 0 | AP342: 0 | AQ342: 3 | AR342: 0 | AS342: 0 | AT342: 0 | AU342: 0 | AV342: 0 | AX342: 6 | AZ342: 0 | BA342: 1 | BB342: 0 | BC342: 0 | BD342: 0 | BE342: 0 | BF342: 0 | BG342: 0 | BH342: 3 | BI342: 0 | BJ342: 0 | BK342: 0 | BL342: 0 | BM342: 0 | BO342: 0 | BP342: 0 | BQ342: 0 | BR342: 0 | BS342: 0 | BT342: 0 | BU342: 0 | BV342: 0 | BW342: 0 | BX342: 0 | BY342: 0 | BZ342: 0 | CA342: 0 | CB342: 1 | CC342: 0 | CD342: 0 | CE342: 0 | CF342: 1? | CG342: 0 | CH342: 0 | CI342: 0 | CJ342: 253 | CK342: 0 | CL342: 0 | CM342: 0 | CN342: 0 | CO342: 0 | CP342: 0 | CQ342: 0 | CS342: 0 | CT342: 12 | CU342: 0 | CV342: 84 | CW342: 0 | CX342: 0 | CY342: 0 | CZ342: 29 | DA342: 0 | DB342: 1 | DC342: 0 | DD342: 0 | DE342: 1 | DF342: 2 | DG342: 0 | DH342: 37 | DI342: 0 | DJ342: 0 | DK342: 0 | DM342: 0 | DN342: 0 | DO342: 0 | DQ342: 0 | DS342: 0 | DT342: 0 | DU342: 2 | DV342: 0 | DX342: 0 | DY342: 1 | DZ342: 0 | EA342: 0 | EB342: 2 | EC342: 0 | ED342: 8 | EE342: 2 | EF342: 1 | EG342: 0 | EH342: 0 | EI342: 0 | EJ342: 0 | EK342: 1 | EM342: 0 | EN342: 13
A343: 831 | B343: 10677 | C343: 0 | D343: 0 | E343: 0 | F343: 0 | G343: 0 | H343: 0 | I343: 0 | J343: 0 | K343: 2 | L343: 0 | M343: 336 | N343: 0 | O343: 0 | P343: 0 | Q343: 0 | R343: 0 | S343: 1 | T343: 0 | U343: 0 | V343: 0 | W343: 0 | X343: 0 | Y343: 0 | Z343: 0 | AA343: 0 | AB343: 0 | AC343: 0 | AD343: 0 | AG343: 1671 | AH343: 0 | AI343: 18 | AJ343: 0 | AK343: 0 | AL343: 0 | AM343: 0 | AN343: 0 | AO343: 0 | AP343: 0 | AQ343: 0 | AR343: 0 | AS343: 0 | AT343: 0 | AU343: 0 | AV343: 0 | AX343: 12 | AZ343: 0 | BA343: 1 | BB343: 0 | BC343: 0 | BD343: 0 | BE343: 0 | BF343: 0 | BG343: 0 | BH343: 1 | BI343: 0 | BJ343: 0 | BK343: 0 | BL343: 0 | BM343: 0 | BO343: 0 | BP343: 0 | BQ343: 0 | BR343: 0 | BS343: 0 | BT343: 0 | BU343: 0 | BV343: 0 | BW343: 2 | BX343: 0 | BY343: 0 | BZ343: 0 | CA343: 0 | CB343: 1 | CC343: 0 | CD343: 0 | CE343: 0 | CF343: 0 | CG343: 0 | CH343: 1 | CI343: 0 | CJ343: 426 | CK343: 0 | CL343: 0 | CM343: 1 | CN343: 0 | CO343: 0 | CP343: 0 | CQ343: 0 | CS343: 0 | CT343: 11 | CU343: 0 | CV343: 107 | CW343: 1 | CX343: 0 | CY343: 0 | CZ343: 22 | DA343: 0 | DB343: 0 | DC343: 0 | DD343: 0 | DE343: 2 | DF343: 3 | DG343: 0 | DH343: 24 | DI343: 0 | DJ343: 0 | DK343: 0 | DM343: 0 | DN343: 0 | DO343: 0 | DQ343: 0 | DS343: 0 | DT343: 0 | DU343: 0 | DV343: 0 | DX343: 0 | DY343: 0 | DZ343: 0 | EA343: 0 | EB343: 1 | EC343: 1 | ED343: 13 | EE343: 4 | EF343: 2 | EG343: 0 | EH343: 0 | EI343: 0 | EJ343: 0 | EK343: 0 | EM343: 0 | EN343: 22
A344: 833 | B344: 10712 | C344: 0 | D344: 0 | E344: 0 | F344: 0 | G344: 0 | H344: 0 | I344: 0 | J344: 0 | K344: 2 | L344: 0 | M344: 200 | N344: 0 | O344: 0 | P344: 0 | Q344: 0 | R344: 0 | S344: 0 | T344: 0 | U344: 0 | V344: 0 | W344: 0 | X344: 0 | Y344: 0 | Z344: 0 | AA344: 0 | AB344: 0 | AC344: 0 | AD344: 0 | AG344: 732 | AH344: 1 | AI344: 21 | AJ344: 0 | AK344: 0 | AL344: 0 | AM344: 0 | AN344: 0 | AO344: 0 | AP344: 0 | AQ344: 2 | AR344: 0 | AS344: 0 | AT344: 0 | AU344: 0 | AV344: 0 | AX344: 6 | AZ344: 0 | BA344: 0 | BB344: 0 | BC344: 0 | BD344: 0 | BE344: 0 | BF344: 0 | BG344: 0 | BH344: 1 | BI344: 0 | BJ344: 0 | BK344: 0 | BL344: 0 | BM344: 0 | BO344: 0 | BP344: 0 | BQ344: 0 | BR344: 0 | BS344: 0 | BT344: 0 | BU344: 0 | BV344: 0 | BW344: 0 | BX344: 0 | BY344: 0 | BZ344: 0 | CA344: 0 | CB344: 0 | CC344: 0 | CD344: 0 | CE344: 0 | CF344: 0 | CG344: 0 | CH344: 5 | CI344: 0 | CJ344: 321 | CK344: 0 | CL344: 0 | CM344: 0 | CN344: 0 | CO344: 0 | CP344: 0 | CQ344: 0 | CS344: 0 | CT344: 17 | CU344: 0 | CV344: 46 | CW344: 0 | CX344: 0 | CY344: 0 | CZ344: 11 | DA344: 3 | DB344: 0 | DC344: 0 | DD344: 0 | DE344: 0 | DF344: 2 | DG344: 0 | DH344: 14 | DI344: 0 | DJ344: 0 | DK344: 0 | DM344: 0 | DN344: 1 | DO344: 0 | DQ344: 0 | DS344: 0 | DT344: 0 | DU344: 2 | DV344: 0 | DX344: 0 | DY344: 1 | DZ344: 0 | EA344: 0 | EB344: 0 | EC344: 0 | ED344: 7 | EE344: 2 | EF344: 4 | EG344: 0 | EH344: 0 | EI344: 0 | EJ344: 0 | EK344: 0 | EM344: 0 | EN344: 17
A345: 835 | B345: 10739 | C345: 0 | D345: 0 | E345: 0 | F345: 0 | G345: 0 | H345: 0 | I345: 0 | J345: 0 | K345: 9 | L345: 0 | M345: 499 | N345: 0 | O345: 0 | P345: 0 | Q345: 0 | R345: 0 | S345: 2 | T345: 0 | U345: 0 | V345: 0 | W345: 0 | X345: 0 | Y345: 0 | Z345: 0 | AA345: 1 | AB345: 0 | AC345: 0 | AD345: 0 | AG345: 1085 | AH345: 0 | AI345: 19 | AJ345: 0 | AK345: 0 | AL345: 0 | AM345: 0 | AN345: 0 | AO345: 0 | AP345: 0 | AQ345: 4 | AR345: 0 | AS345: 0 | AT345: 0 | AU345: 0 | AV345: 0 | AX345: 24 | AZ345: 0 | BA345: 2 | BB345: 0 | BC345: 0 | BD345: 0 | BE345: 0 | BF345: 0 | BG345: 0 | BH345: 1 | BI345: 0 | BJ345: 0 | BK345: 0 | BL345: 0 | BM345: 0 | BO345: 2 | BP345: 0 | BQ345: 0 | BR345: 0 | BS345: 0 | BT345: 0 | BU345: 0 | BV345: 0 | BW345: 0 | BX345: 0 | BY345: 0 | BZ345: 0 | CA345: 3 | CB345: 3 | CC345: 0 | CD345: 0 | CE345: 0 | CF345: 0 | CG345: 0 | CH345: 1 | CI345: 0 | CJ345: 325 | CK345: 0 | CL345: 0 | CM345: 0 | CN345: 0 | CO345: 0 | CP345: 0 | CQ345: 0 | CS345: 0 | CT345: 20 | CU345: 0 | CV345: 86 | CW345: 0 | CX345: 0 | CY345: 0 | CZ345: 25 | DA345: 1 | DB345: 0 | DC345: 0 | DD345: 0 | DE345: 0 | DF345: 7 | DG345: 0 | DH345: 22 | DI345: 0 | DJ345: 0 | DK345: 0 | DM345: 0 | DN345: 0 | DO345: 0 | DQ345: 0 | DS345: 0 | DT345: 0 | DU345: 0 | DV345: 0 | DX345: 0 | DY345: 1 | DZ345: 0 | EA345: 0 | EB345: 1 | EC345: 1 | ED345: 11 | EE345: 2 | EF345: 8 | EG345: 0 | EH345: 0 | EI345: 0 | EJ345: 0 | EK345: 2 | EM345: 0 | EN345: 77
A346: 837 | B346: 10763 | C346: 0 | D346: 0 | E346: 0 | F346: 0 | G346: 0 | H346: 0 | I346: 0 | J346: 0 | K346: 11 | L346: 0 | M346: 276 | N346: 0 | O346: 0 | P346: 0 | Q346: 0 | R346: 0 | S346: 0 | T346: 0 | U346: 0 | V346: 0 | W346: 0 | X346: 0 | Y346: 0 | Z346: 0 | AA346: 0 | AB346: 0 | AC346: 0 | AD346: 0 | AG346: 440 | AH346: 1 | AI346: 14 | AJ346: 0 | AK346: 0 | AL346: 0 | AM346: 0 | AN346: 0 | AO346: 0 | AP346: 0 | AQ346: 0 | AR346: 0 | AS346: 0 | AT346: 0 | AU346: 0 | AV346: 0 | AX346: 16 | AZ346: 0 | BA346: 0 | BB346: 0 | BC346: 0 | BD346: 0 | BE346: 0 | BF346: 0 | BG346: 0 | BH346: 2 | BI346: 0 | BJ346: 0 | BK346: 0 | BL346: 0 | BM346: 0 | BO346: 1 | BP346: 0 | BQ346: 0 | BR346: 0 | BS346: 0 | BT346: 0 | BU346: 0 | BV346: 0 | BW346: 0 | BX346: 0 | BY346: 0 | BZ346: 0 | CA346: 1 | CB346: 1 | CC346: 0 | CD346: 0 | CE346: 0 | CF346: 0 | CG346: 0 | CH346: 2 | CI346: 0 | CJ346: 321 | CK346: 0 | CL346: 0 | CM346: 0 | CN346: 0 | CO346: 0 | CP346: 0 | CQ346: 0 | CS346: 0 | CT346: 17 | CU346: 0 | CV346: 51 | CW346: 1 | CX346: 0 | CY346: 0 | CZ346: 12 | DA346: 1 | DB346: 0 | DC346: 0 | DD346: 0 | DE346: 0 | DF346: 1 | DG346: 0 | DH346: 11 | DI346: 0 | DJ346: 2 | DK346: 0 | DM346: 0 | DN346: 0 | DO346: 0 | DQ346: 0 | DS346: 0 | DT346: 0 | DU346: 0 | DV346: 0 | DX346: 0 | DY346: 0 | DZ346: 0 | EA346: 0 | EB346: 1 | EC346: 0 | ED346: 6 | EE346: 3 | EF346: 4 | EG346: 0 | EH346: 0 | EI346: 0 | EJ346: 0 | EK346: 0 | EM346: 0 | EN346: 26
A347: 839 | B347: 10806 | C347: 0 | D347: 0 | E347: 0 | F347: 0 | G347: 0 | H347: 0 | I347: 0 | J347: 0 | K347: 5 | L347: 0 | M347: 481 | N347: 0 | O347: 0 | P347: 0 | Q347: 0 | R347: 0 | S347: 0 | T347: 0 | U347: 0 | V347: 0 | W347: 0 | X347: 0 | Y347: 0 | Z347: 0 | AA347: 0 | AB347: 0 | AC347: 0 | AD347: 0 | AG347: 244 | AH347: 0 | AI347: 20 | AJ347: 0 | AK347: 0 | AL347: 0 | AM347: 0 | AN347: 0 | AO347: 0 | AP347: 0 | AQ347: 0 | AR347: 0 | AS347: 0 | AT347: 0 | AU347: 0 | AV347: 0 | AX347: 15 | AZ347: 0 | BA347: 3 | BB347: 0 | BC347: 0 | BD347: 0 | BE347: 0 | BF347: 0 | BG347: 0 | BH347: 1 | BI347: 0 | BJ347: 0 | BK347: 0 | BL347: 0 | BM347: 0 | BO347: 0 | BP347: 0 | BQ347: 0 | BR347: 0 | BS347: 0 | BT347: 0 | BU347: 0 | BV347: 0 | BW347: 0 | BX347: 0 | BY347: 0 | BZ347: 0 | CA347: 0 | CB347: 5 | CC347: 0 | CD347: 0 | CE347: 0 | CF347: 0 | CG347: 0 | CH347: 5 | CI347: 0 | CJ347: 245 | CK347: 0 | CL347: 0 | CM347: 0 | CN347: 0 | CO347: 0 | CP347: 0 | CQ347: 0 | CS347: 0 | CT347: 9 | CU347: 0 | CV347: 34 | CW347: 0 | CX347: 0 | CY347: 0 | CZ347: 10 | DA347: 0 | DB347: 0 | DC347: 0 | DD347: 0 | DE347: 3 | DF347: 2 | DG347: 0 | DH347: 13 | DI347: 0 | DJ347: 1 | DK347: 0 | DM347: 0 | DN347: 0 | DO347: 0 | DQ347: 0 | DS347: 0 | DT347: 0 | DU347: 0 | DV347: 0 | DX347: 0 | DY347: 0 | DZ347: 0 | EA347: 0 | EB347: 1 | EC347: 0 | ED347: 4 | EE347: 1 | EF347: 8 | EG347: 0 | EH347: 1 | EI347: 0 | EJ347: 0 | EK347: 0 | EM347: 0 | EN347: 36
A348: 841 | B348: 10835 | C348: 0 | D348: 0 | E348: 0 | F348: 0 | G348: 0 | H348: 0 | I348: 0 | J348: 0 | K348: 9 | L348: 0 | M348: 1064 | N348: 0 | O348: 0 | P348: 0 | Q348: 0 | R348: 0 | S348: 1 | T348: 0 | U348: 0 | V348: 0 | W348: 0 | X348: 0 | Y348: 0 | Z348: 0 | AA348: 0 | AB348: 0 | AC348: 0 | AD348: 0 | AG348: 434 | AH348: 0 | AI348: 23 | AJ348: 0 | AK348: 0 | AL348: 0 | AM348: 0 | AN348: 0 | AO348: 0 | AP348: 0 | AQ348: 4 | AR348: 0 | AS348: 0 | AT348: 0 | AU348: 0 | AV348: 0 | AX348: 29 | AZ348: 0 | BA348: 1 | BB348: 0 | BC348: 0 | BD348: 0 | BE348: 0 | BF348: 0 | BG348: 0 | BH348: 1 | BI348: 0 | BJ348: 0 | BK348: 0 | BL348: 0 | BM348: 0 | BO348: 1 | BP348: 0 | BQ348: 0 | BR348: 0 | BS348: 0 | BT348: 0 | BU348: 0 | BV348: 0 | BW348: 0 | BX348: 0 | BY348: 0 | BZ348: 0 | CA348: 5 | CB348: 9 | CC348: 0 | CD348: 0 | CE348: 0 | CF348: 0 | CG348: 0 | CH348: 1 | CI348: 0 | CJ348: 405 | CK348: 0 | CL348: 0 | CM348: 0 | CN348: 0 | CO348: 0 | CP348: 0 | CQ348: 0 | CS348: 0 | CT348: 21 | CU348: 0 | CV348: 72 | CW348: 5 | CX348: 0 | CY348: 0 | CZ348: 19 | DA348: 1 | DB348: 0 | DC348: 0 | DD348: 0 | DE348: 3 | DF348: 7 | DG348: 0 | DH348: 17 | DI348: 0 | DJ348: 1 | DK348: 1 | DM348: 0 | DN348: 0 | DO348: 0 | DQ348: 0 | DS348: 0 | DT348: 0 | DU348: 2 | DV348: 0 | DX348: 0 | DY348: 0 | DZ348: 1 | EA348: 0 | EB348: 7 | EC348: 2 | ED348: 5 | EE348: 4 | EF348: 16 | EG348: 0 | EH348: 0 | EI348: 0 | EJ348: 0 | EK348: 0 | EM348: 0 | EN348: 86
A349: 843 | B349: 10846 | C349: 0 | D349: 0 | E349: 0 | F349: 0 | G349: 0 | H349: 0 | I349: 0 | J349: 0 | K349: 5 | L349: 0 | M349: 554 | N349: 0 | O349: 0 | P349: 0 | Q349: 0 | R349: 0 | S349: 1 | T349: 0 | U349: 0 | V349: 0 | W349: 0 | X349: 0 | Y349: 0 | Z349: 0 | AA349: 0 | AB349: 0 | AC349: 0 | AD349: 1 | AG349: 109 | AH349: 0 | AI349: 17 | AJ349: 0 | AK349: 0 | AL349: 0 | AM349: 0 | AN349: 0 | AO349: 0 | AP349: 0 | AQ349: 3 | AR349: 0 | AS349: 0 | AT349: 0 | AU349: 0 | AV349: 0 | AX349: 14 | AZ349: 0 | BA349: 1 | BB349: 0 | BC349: 0 | BD349: 0 | BE349: 0 | BF349: 0 | BG349: 0 | BH349: 0 | BI349: 0 | BJ349: 0 | BK349: 0 | BL349: 0 | BM349: 0 | BO349: 0 | BP349: 0 | BQ349: 0 | BR349: 0 | BS349: 0 | BT349: 0 | BU349: 0 | BV349: 0 | BW349: 1 | BX349: 0 | BY349: 0 | BZ349: 0 | CA349: 1 | CB349: 2 | CC349: 0 | CD349: 0 | CE349: 0 | CF349: 0 | CG349: 0 | CH349: 0 | CI349: 0 | CJ349: 198 | CK349: 0 | CL349: 0 | CM349: 0 | CN349: 0 | CO349: 0 | CP349: 0 | CQ349: 0 | CS349: 0 | CT349: 13 | CU349: 0 | CV349: 67 | CW349: 3 | CX349: 0 | CY349: 0 | CZ349: 10 | DA349: 0 | DB349: 0 | DC349: 0 | DD349: 0 | DE349: 1 | DF349: 1 | DG349: 0 | DH349: 24 | DI349: 0 | DJ349: 0 | DK349: 0 | DM349: 0 | DN349: 0 | DO349: 0 | DQ349: 0 | DS349: 1 | DT349: 0 | DU349: 1 | DV349: 0 | DX349: 0 | DY349: 0 | DZ349: 0 | EA349: 0 | EB349: 2 | EC349: 0 | ED349: 2 | EE349: 1 | EF349: 7 | EG349: 0 | EH349: 0 | EI349: 0 | EJ349: 0 | EK349: 0 | EM349: 0 | EN349: 37
A350: 845 | B350: 10867 | C350: 0 | D350: 0 | E350: 0 | F350: 0 | G350: 0 | H350: 0 | I350: 0 | J350: 0 | K350: 6 | L350: 0 | M350: 404 | N350: 0 | O350: 0 | P350: 0 | Q350: 0 | R350: 0 | S350: 0 | T350: 0 | U350: 0 | V350: 0 | W350: 0 | X350: 0 | Y350: 0 | Z350: 0 | AA350: 0 | AB350: 0 | AC350: 0 | AD350: 0 | AG350: 48 | AH350: 0 | AI350: 6 | AJ350: 0 | AK350: 0 | AL350: 0 | AM350: 0 | AN350: 0 | AO350: 0 | AP350: 0 | AQ350: 0 | AR350: 0 | AS350: 0 | AT350: 0 | AU350: 0 | AV350: 0 | AX350: 13 | AZ350: 0 | BA350: 1 | BB350: 0 | BC350: 0 | BD350: 0 | BE350: 0 | BF350: 0 | BG350: 0 | BH350: 0 | BI350: 0 | BJ350: 0 | BK350: 0 | BL350: 0 | BM350: 0 | BO350: 0 | BP350: 0 | BQ350: 0 | BR350: 0 | BS350: 0 | BT350: 0 | BU350: 0 | BV350: 0 | BW350: 0 | BX350: 0 | BY350: 0 | BZ350: 0 | CA350: 1 | CB350: 5 | CC350: 0 | CD350: 0 | CE350: 0 | CF350: 0 | CG350: 0 | CH350: 0 | CI350: 0 | CJ350: 321 | CK350: 0 | CL350: 0 | CM350: 0 | CN350: 0 | CO350: 0 | CP350: 0 | CQ350: 0 | CS350: 0 | CT350: 16 | CU350: 0 | CV350: 50 | CW350: 0 | CX350: 0 | CY350: 0 | CZ350: 6 | DA350: 1 | DB350: 0 | DC350: 0 | DD350: 0 | DE350: 0 | DF350: 2 | DG350: 0 | DH350: 11 | DI350: 0 | DJ350: 0 | DK350: 0 | DM350: 0 | DN350: 0 | DO350: 0 | DQ350: 0 | DS350: 0 | DT350: 0 | DU350: 0 | DV350: 0 | DX350: 0 | DY350: 0 | DZ350: 0 | EA350: 0 | EB350: 1 | EC350: 0 | ED350: 3 | EE350: 1 | EF350: 2 | EG350: 0 | EH350: 0 | EI350: 0 | EJ350: 0 | EK350: 0 | EM350: 0 | EN350: 27
A351: 847 | B351: 10899 | C351: 0 | D351: 0 | E351: 0 | F351: 0 | G351: 0 | H351: 0 | I351: 0 | J351: 0 | K351: 5 | L351: 0 | M351: 660 | N351: 0 | O351: 0 | P351: 0 | Q351: 0 | R351: 0 | S351: 1 | T351: 0 | U351: 0 | V351: 0 | W351: 0 | X351: 1 | Y351: 0 | Z351: 0 | AA351: 0 | AB351: 0 | AC351: 0 | AD351: 1 | AG351: 50 | AH351: 0 | AI351: 13 | AJ351: 0 | AK351: 0 | AL351: 0 | AM351: 0 | AN351: 0 | AO351: 0 | AP351: 0 | AQ351: 2 | AR351: 0 | AS351: 0 | AT351: 0 | AU351: 0 | AV351: 0 | AX351: 19 | AZ351: 0 | BA351: 1 | BB351: 0 | BC351: 0 | BD351: 0 | BE351: 0 | BF351: 0 | BG351: 0 | BH351: 0 | BI351: 0 | BJ351: 0 | BK351: 0 | BL351: 2 | BM351: 0 | BO351: 1 | BP351: 0 | BQ351: 0 | BR351: 0 | BS351: 0 | BT351: 0 | BU351: 0 | BV351: 0 | BW351: 0 | BX351: 1 | BY351: 0 | BZ351: 0 | CA351: 0 | CB351: 8 | CC351: 0 | CD351: 0 | CE351: 0 | CF351: 0 | CG351: 0 | CH351: 0 | CI351: 0 | CJ351: 330 | CK351: 0 | CL351: 0 | CM351: 0 | CN351: 0 | CO351: 0 | CP351: 0 | CQ351: 0 | CS351: 0 | CT351: 25 | CU351: 0 | CV351: 58 | CW351: 0 | CX351: 0 | CY351: 0 | CZ351: 1 | DA351: 3 | DB351: 0 | DC351: 0 | DD351: 0 | DE351: 0 | DF351: 3 | DG351: 0 | DH351: 24 | DI351: 0 | DJ351: 1 | DK351: 0 | DM351: 0 | DN351: 0 | DO351: 0 | DQ351: 0 | DS351: 0 | DT351: 0 | DU351: 0 | DV351: 0 | DX351: 0 | DY351: 0 | DZ351: 0 | EA351: 0 | EB351: 2 | EC351: 0 | ED351: 1 | EE351: 9 | EF351: 1 | EG351: 0 | EH351: 0 | EI351: 0 | EJ351: 0 | EK351: 0 | EM351: 0 | EN351: 41
A352: 849 | B352: 10929 | C352: 0 | D352: 0 | E352: 0 | F352: 0 | G352: 0 | H352: 0 | I352: 0 | J352: 0 | K352: 6 | L352: 0 | M352: 586 | N352: 0 | O352: 0 | P352: 0 | Q352: 1 | R352: 0 | S352: 0 | T352: 0 | U352: 0 | V352: 0 | W352: 0 | X352: 0 | Y352: 0 | Z352: 0 | AA352: 0 | AB352: 0 | AC352: 0 | AD352: 0 | AG352: 24 | AH352: 0 | AI352: 12 | AJ352: 0 | AK352: 0 | AL352: 0 | AM352: 0 | AN352: 0 | AO352: 0 | AP352: 0 | AQ352: 1 | AR352: 0 | AS352: 0 | AT352: 0 | AU352: 0 | AV352: 0 | AX352: 15 | AZ352: 0 | BA352: 0 | BB352: 0 | BC352: 0 | BD352: 0 | BE352: 0 | BF352: 0 | BG352: 0 | BH352: 0 | BI352: 0 | BJ352: 0 | BK352: 0 | BL352: 0 | BM352: 0 | BO352: 0 | BP352: 0 | BQ352: 0 | BR352: 0 | BS352: 0 | BT352: 0 | BU352: 0 | BV352: 0 | BW352: 0 | BX352: 0 | BY352: 0 | BZ352: 0 | CA352: 2 | CB352: 1 | CC352: 0 | CD352: 0 | CE352: 0 | CF352: 0 | CG352: 0 | CH352: 0 | CI352: 0 | CJ352: 253 | CK352: 0 | CL352: 0 | CM352: 0 | CN352: 0 | CO352: 0 | CP352: 0 | CQ352: 0 | CS352: 0 | CT352: 18 | CU352: 0 | CV352: 62 | CW352: 0 | CX352: 0 | CY352: 0 | CZ352: 1 | DA352: 1 | DB352: 1 | DC352: 0 | DD352: 0 | DE352: 3 | DF352: 0 | DG352: 0 | DH352: 20 | DI352: 0 | DJ352: 0 | DK352: 0 | DM352: 0 | DN352: 0 | DO352: 0 | DQ352: 0 | DS352: 0 | DT352: 0 | DU352: 0 | DV352: 0 | DX352: 0 | DY352: 1 | DZ352: 0 | EA352: 0 | EB352: 1 | EC352: 0 | ED352: 4 | EE352: 3 | EF352: 7 | EG352: 0 | EH352: 0 | EI352: 0 | EJ352: 0 | EK352: 0 | EM352: 0 | EN352: 35
A353: 851 | B353: 10948 | C353: 0 | D353: 0 | E353: 0 | F353: 0 | G353: 0 | H353: 0 | I353: 0 | J353: 0 | K353: 14 | L353: 1 | M353: 1077 | N353: 0 | O353: 0 | P353: 0 | Q353: 0 | R353: 0 | S353: 1 | T353: 0 | U353: 0 | V353: 0 | W353: 1 | X353: 1 | Y353: 0 | Z353: 0 | AA353: 0 | AB353: 0 | AC353: 0 | AD353: 0 | AG353: 21 | AH353: 0 | AI353: 41 | AJ353: 0 | AK353: 0 | AL353: 0 | AM353: 0 | AN353: 0 | AO353: 0 | AP353: 0 | AQ353: 4 | AR353: 0 | AS353: 0 | AT353: 0 | AU353: 0 | AV353: 0 | AX353: 28 | AZ353: 0 | BA353: 2 | BB353: 0 | BC353: 0 | BD353: 0 | BE353: 0 | BF353: 0 | BG353: 0 | BH353: 1 | BI353: 0 | BJ353: 0 | BK353: 0 | BL353: 1 | BM353: 0 | BO353: 5 | BP353: 0 | BQ353: 0 | BR353: 0 | BS353: 0 | BT353: 0 | BU353: 0 | BV353: 0 | BW353: 0 | BX353: 0 | BY353: 0 | BZ353: 0 | CA353: 5 | CB353: 10 | CC353: 0 | CD353: 0 | CE353: 0 | CF353: 0 | CG353: 0 | CH353: 0 | CI353: 0 | CJ353: 560 | CK353: 0 | CL353: 0 | CM353: 0 | CN353: 0 | CO353: 0 | CP353: 0 | CQ353: 0 | CS353: 0 | CT353: 52 | CU353: 0 | CV353: 117 | CW353: 4 | CX353: 0 | CY353: 0 | CZ353: 9 | DA353: 2 | DB353: 0 | DC353: 0 | DD353: 0 | DE353: 3 | DF353: 4 | DG353: 0 | DH353: 38 | DI353: 0 | DJ353: 2 | DK353: 0 | DM353: 0 | DN353: 0 | DO353: 0 | DQ353: 0 | DS353: 0 | DT353: 0 | DU353: 1 | DV353: 0 | DX353: 0 | DY353: 1 | DZ353: 0 | EA353: 0 | EB353: 2 | EC353: 1 | ED353: 7 | EE353: 6 | EF353: 5 | EG353: 0 | EH353: 1 | EI353: 0 | EJ353: 0 | EK353: 1 | EM353: 0 | EN353: 75
A354: 853 | B354: 10969 | C354: 0 | D354: 0 | E354: 0 | F354: 0 | G354: 0 | H354: 0 | I354: 0 | J354: 0 | K354: 19 | L354: 0 | M354: 926 | N354: 0 | O354: 0 | P354: 0 | Q354: 1 | R354: 0 | S354: 1 | T354: 0 | U354: 0 | V354: 0 | W354: 0 | X354: 0 | Y354: 0 | Z354: 0 | AA354: 0 | AB354: 0 | AC354: 0 | AD354: 0 | AG354: 19 | AH354: 0 | AI354: 48 | AJ354: 0 | AK354: 0 | AL354: 0 | AM354: 0 | AN354: 0 | AO354: 0 | AP354: 0 | AQ354: 1 | AR354: 0 | AS354: 0 | AT354: 0 | AU354: 0 | AV354: 0 | AX354: 53 | AZ354: 0 | BA354: 2 | BB354: 0 | BC354: 0 | BD354: 0 | BE354: 0 | BF354: 0 | BG354: 0 | BH354: 0 | BI354: 0 | BJ354: 0 | BK354: 0 | BL354: 3 | BM354: 0 | BO354: 2 | BP354: 0 | BQ354: 0 | BR354: 0 | BS354: 0 | BT354: 0 | BU354: 0 | BV354: 0 | BW354: 0 | BX354: 0 | BY354: 0 | BZ354: 0 | CA354: 7 | CB354: 3 | CC354: 0 | CD354: 0 | CE354: 0 | CF354: 0 | CG354: 0 | CH354: 2 | CI354: 0 | CJ354: 573 | CK354: 0 | CL354: 0 | CM354: 0 | CN354: 0 | CO354: 0 | CP354: 0 | CQ354: 0 | CS354: 0 | CT354: 61 | CU354: 0 | CV354: 115 | CW354: 0 | CX354: 0 | CY354: 0 | CZ354: 4 | DA354: 0 | DB354: 0 | DC354: 0 | DD354: 0 | DE354: 0 | DF354: 7 | DG354: 0 | DH354: 61 | DI354: 0 | DJ354: 1 | DK354: 0 | DM354: 0 | DN354: 0 | DO354: 0 | DQ354: 0 | DS354: 0 | DT354: 0 | DU354: 0 | DV354: 1 | DX354: 0 | DY354: 1 | DZ354: 0 | EA354: 0 | EB354: 0 | EC354: 0 | ED354: 4 | EE354: 6 | EF354: 14 | EG354: 0 | EH354: 0 | EI354: 0 | EJ354: 0 | EK354: 0 | EM354: 0 | EN354: 121
... A404: 953 | B404: 13045 | C404: 0 | D404: 0 | E404: 0 | F404: 0 | G404: 0 | H404: 0 | I404: 0 | J404: 0 | K404: 24 | L404: 0 | M404: 178 | N404: 0 | O404: 0 | P404: 0 | Q404: 0 | R404: 0 | S404: 2 | T404: 0 | U404: 0 | V404: 0 | W404: 0 | X404: 0 | Y404: 0 | Z404: 0 | AA404: 0 | AB404: 0 | AC404: 0 | AD404: 0 | AG404: 0 | AH404: 0 | AI404: 34 | AJ404: 0 | AK404: 0 | AL404: 0 | AM404: 0 | AN404: 0 | AO404: 0 | AP404: 0 | AQ404: 1 | AR404: 0 | AS404: 0 | AT404: 0 | AU404: 0 | AV404: 0 | AX404: 35 | AZ404: 0 | BA404: 7 | BB404: 0 | BC404: 0 | BD404: 0 | BE404: 0 | BF404: 1 | BG404: 0 | BH404: 0 | BI404: 0 | BJ404: 0 | BK404: 0 | BL404: 2 | BM404: 0 | BO404: 0 | BP404: 0 | BQ404: 0 | BR404: 0 | BS404: 0 | BT404: 0 | BU404: 0 | BV404: 0 | BW404: 0 | BX404: 0 | BY404: 0 | BZ404: 0 | CA404: 0 | CB404: 1 | CC404: 0 | CD404: 0 | CE404: 0 | CF404: 0 | CG404: 0 | CH404: 33 | CI404: 0 | CJ404: 73 | CK404: 0 | CL404: 1 | CM404: 0 | CN404: 0 | CO404: 0 | CP404: 0 | CQ404: 0 | CS404: 0 | CT404: 2 | CU404: 0 | CV404: 5 | CW404: 3 | CX404: 0 | CY404: 0 | CZ404: 0 | DA404: 0 | DB404: 0 | DC404: 0 | DD404: 0 | DE404: 1 | DF404: 1 | DG404: 0 | DH404: 25 | DI404: 0 | DJ404: 0 | DK404: 0 | DM404: 0 | DN404: 0 | DO404: 0 | DQ404: 0 | DS404: 0 | DT404: 0 | DU404: 0 | DV404: 0 | DX404: 0 | DY404: 4 | DZ404: 0 | EA404: 0 | EB404: 2 | EC404: 0 | ED404: 0 | EE404: 11 | EF404: 16 | EG404: 0 | EH404: 0 | EI404: 0 | EJ404: 0 | EK404: 0 | EM404: 0 | EN404: 214
A405: =[2]forR!$B5/10 -> 1187.3 | B405: 13258 | C405: 0 | F405: 0 | J405: 0 | K405: 2.210884 | M405: 26.36054 | O405: 0 | Q405: 0 | S405: 0.3401361 | V405: 0 | W405: 0.170068 | AA405: 0 | AD405: 0.170068 | AE405: 0.8503401 | AF405: 0.170068 | AG405: 0 | AH405: 0 | AI405: 7.823129 | AL405: 0 | AN405: 0 | AP405: 0 | AQ405: 0 | AR405: 0 | AV405: 0 | AW405: 0 | AX405: 3.571429 | AY405: 0 | BA405: 1.020408 | BB405: 0 | BC405: 0 | BF405: 0 | BG405: 0.170068 | BI405: 0 | BL405: 0.3401361 | BM405: 0 | BN405: 0.170068 | BV405: 0 | BW405: 0 | BX405: 0 | CB405: 1 | CH405: 43 | CI405: 0 | CJ405: 24.14966 | CK405: 0 | CL405: 0 | CN405: 0 | CQ405: 0 | CR405: 0 | CV405: 0.170068 | CW405: 0 | CX405: 0 | CZ405: 0 | DA405: 0.5102041 | DE405: 0 | DF405: 1.020408 | DH405: 1.70068 | DJ405: 0 | DL405: 0 | DN405: 0 | DO405: 0 | DP405: 0 | DR405: 0 | DU405: 0 | DV405: 0 | DW405: 0 | DY405: 0.5102041 | DZ405: 0 | ED405: 0 | EE405: 1.870748 | EF405: 0 | EG405: 0 | EJ405: 0.170068 | EL405: 0 | EN405: 26.53061
A406: =[2]forR!$B6/10 -> 1189.5 | B406: 13289 | C406: 0 | F406: 0 | J406: 0 | K406: 5.710491 | M406: 29.08367 | O406: 1 | Q406: 0 | S406: 0 | V406: 0 | W406: 0 | AA406: 0 | AD406: 0.1328021 | AE406: 0.3984064 | AF406: 0.1328021 | AG406: 0 | AH406: 0 | AI406: 4.780877 | AL406: 0 | AN406: 0 | AP406: 0 | AQ406: 0 | AR406: 0 | AV406: 0 | AW406: 0 | AX406: 6.2417 | AY406: 0 | BA406: 1.460823 | BB406: 0 | BC406: 0.1328021 | BF406: 0 | BG406: 0 | BI406: 0 | BL406: 0.3984064 | BM406: 0 | BN406: 0.3984064 | BV406: 0 | BW406: 0 | BX406: 0 | CB406: 3 | CH406: 59 | CI406: 0.1328021 | CJ406: 22.84196 | CK406: 0 | CL406: 0.1328021 | CN406: 0 | CQ406: 0 | CR406: 0 | CV406: 0.2656043 | CW406: 2 | CX406: 0.1328021 | CZ406: 0 | DA406: 0.7968128 | DE406: 0.1328021 | DF406: 1.328021 | DH406: 2.52324 | DJ406: 0.1328021 | DL406: 0.1328021 | DN406: 0 | DO406: 0 | DP406: 0 | DR406: 0 | DU406: 0 | DV406: 0 | DW406: 0 | DY406: 0.9296149 | DZ406: 0 | ED406: 0 | EE406: 1.593626 | EF406: 0 | EG406: 0.1328021 | EJ406: 0 | EL406: 0 | EN406: 19.92032
A407: =[2]forR!$B7/10 -> 1191.7 | B407: 13320 | C407: 0 | F407: 0 | J407: 0 | K407: 3.809524 | M407: 32.10884 | O407: 0 | Q407: 0 | S407: 0.5442177 | V407: 0 | W407: 0 | AA407: 0.1360544 | AD407: 0 | AE407: 0.2721089 | AF407: 0.5442177 | AG407: 0 | AH407: 0 | AI407: 7.755102 | AL407: 0 | AN407: 0 | AP407: 0.1360544 | AQ407: 2 | AR407: 0 | AV407: 0 | AW407: 0 | AX407: 3.129252 | AY407: 0 | BA407: 0.4081633 | BB407: 0 | BC407: 0.1360544 | BF407: 0 | BG407: 0 | BI407: 0 | BL407: 0.2721089 | BM407: 0 | BN407: 0 | BV407: 0 | BW407: 0.1360544 | BX407: 0 | CB407: 9 | CH407: 72 | CI407: 0 | CJ407: 22.72109 | CK407: 0 | CL407: 0 | CN407: 0 | CQ407: 0 | CR407: 0 | CV407: 0 | CW407: 5 | CX407: 0.1360544 | CZ407: 0 | DA407: 1.632653 | DE407: 0 | DF407: 0.2721089 | DH407: 3.129252 | DJ407: 0.1360544 | DL407: 0 | DN407: 0 | DO407: 0 | DP407: 0 | DR407: 0 | DU407: 0 | DV407: 2 | DW407: 0 | DY407: 0.6802721 | DZ407: 0 | ED407: 0 | EE407: 1.496599 | EF407: 0 | EG407: 0 | EJ407: 0 | EL407: 0 | EN407: 20.40816
A408: =[2]forR!$B8/10 -> 1193.8 | B408: 13350 | C408: 0 | F408: 0 | J408: 0 | K408: 2.140673 | M408: 27.21712 | O408: 0 | Q408: 0 | S408: 0.4587156 | V408: 0 | W408: 0.1529052 | AA408: 0 | AD408: 0 | AE408: 0.764526 | AF408: 0.1529052 | AG408: 0 | AH408: 0 | AI408: 10.39755 | AL408: 0 | AN408: 0.1529052 | AP408: 0 | AQ408: 5 | AR408: 0 | AV408: 0 | AW408: 0 | AX408: 3.82263 | AY408: 0 | BA408: 0.4587156 | BB408: 0 | BC408: 0 | BF408: 0.3058104 | BG408: 0 | BI408: 0 | BL408: 0 | BM408: 0 | BN408: 0 | BV408: 0 | BW408: 0 | BX408: 0 | CB408: 11 | CH408: 57 | CI408: 0 | CJ408: 16.05505 | CK408: 0 | CL408: 0 | CN408: 0 | CQ408: 0 | CR408: 0 | CV408: 0.1529052 | CW408: 5 | CX408: 0.1529052 | CZ408: 0 | DA408: 1.070336 | DE408: 0.1529052 | DF408: 0.4587156 | DH408: 2.140673 | DJ408: 0.1529052 | DL408: 0 | DN408: 0 | DO408: 0 | DP408: 0 | DR408: 0 | DU408: 0 | DV408: 0 | DW408: 0 | DY408: 0.6116208 | DZ408: 0 | ED408: 0 | EE408: 2.140673 | EF408: 0.1529052 | EG408: 0 | EJ408: 0.1529052 | EL408: 0 | EN408: 30.58104
A409: =[2]forR!$B9/10 -> 1196 | B409: 13382 | C409: 0 | F409: 0 | J409: 0 | K409: 4.926108 | M409: 43.84237 | O409: 0 | Q409: 0 | S409: 0.3284072 | V409: 0 | W409: 0 | AA409: 0 | AD409: 0.1642036 | AE409: 0.3284072 | AF409: 0.4926108 | AG409: 0 | AH409: 0 | AI409: 5.090312 | AL409: 0 | AN409: 0 | AP409: 0 | AQ409: 0 | AR409: 0 | AV409: 0 | AW409: 0 | AX409: 4.926108 | AY409: 0 | BA409: 0.3284072 | BB409: 0 | BC409: 0 | BF409: 0 | BG409: 0 | BI409: 0 | BL409: 0.1642036 | BM409: 0 | BN409: 0 | BV409: 0 | BW409: 0 | BX409: 0 | CB409: 13 | CH409: 54 | CI409: 0 | CJ409: 15.76355 | CK409: 0 | CL409: 0 | CN409: 0 | CQ409: 0 | CR409: 0 | CV409: 0.4926108 | CW409: 2 | CX409: 0 | CZ409: 0 | DA409: 0.821018 | DE409: 0 | DF409: 0.4926108 | DH409: 3.940887 | DJ409: 0 | DL409: 0 | DN409: 0 | DO409: 0 | DP409: 0 | DR409: 0 | DU409: 0 | DV409: 0 | DW409: 0 | DY409: 0.4926108 | DZ409: 0 | ED409: 0 | EE409: 2.134647 | EF409: 0 | EG409: 0 | EJ409: 0 | EL409: 0 | EN409: 15.27094
A410: =[2]forR!$B10/10 -> 1198.2 | B410: 13413 | C410: 0 | F410: 0 | J410: 0 | K410: 5.007587 | M410: 39.60546 | O410: 2 | Q410: 0 | S410: 0.1517451 | V410: 0.1517451 | W410: 0.1517451 | AA410: 0.3034901 | AD410: 0 | AE410: 0.7587253 | AF410: 0 | AG410: 0 | AH410: 0 | AI410: 7.738998 | AL410: 0 | AN410: 0 | AP410: 0 | AQ410: 0 | AR410: 0 | AV410: 0 | AW410: 0 | AX410: 2.883156 | AY410: 0 | BA410: 0.6069803 | BB410: 0 | BC410: 0 | BF410: 0.1517451 | BG410: 0 | BI410: 0 | BL410: 0.1517451 | BM410: 0 | BN410: 0 | BV410: 0 | BW410: 0 | BX410: 0 | CB410: 9 | CH410: 51 | CI410: 0 | CJ410: 16.08498 | CK410: 0 | CL410: 0.1517451 | CN410: 0 | CQ410: 0 | CR410: 0 | CV410: 0.7587253 | CW410: 3 | CX410: 0 | CZ410: 0.1517451 | DA410: 1.669196 | DE410: 0.1517451 | DF410: 0.1517451 | DH410: 4.097117 | DJ410: 0.1517451 | DL410: 0 | DN410: 0 | DO410: 0 | DP410: 0 | DR410: 0 | DU410: 0 | DV410: 1 | DW410: 0 | DY410: 0.3034901 | DZ410: 0 | ED410: 0 | EE410: 2.124431 | EF410: 0 | EG410: 0 | EJ410: 0 | EL410: 0 | EN410: 16.54021
A411: =[2]forR!$B11/10 -> 1200.5 | B411: 13446 | C411: 0 | F411: 0 | J411: 0 | K411: 3.453689 | M411: 49.76452 | O411: 1 | Q411: 0 | S411: 0.1569859 | V411: 0 | W411: 0 | AA411: 0 | AD411: 0 | AE411: 0.3139717 | AF411: 0.1569859 | AG411: 0 | AH411: 0 | AI411: 3.453689 | AL411: 0 | AN411: 0 | AP411: 0 | AQ411: 0 | AR411: 0 | AV411: 0 | AW411: 0 | AX411: 2.982732 | AY411: 0 | BA411: 0.1569859 | BB411: 0 | BC411: 0 | BF411: 0 | BG411: 0 | BI411: 0 | BL411: 0.6279435 | BM411: 0 | BN411: 0 | BV411: 0 | BW411: 0 | BX411: 0 | CB411: 3 | CH411: 54 | CI411: 0 | CJ411: 14.59969 | CK411: 0 | CL411: 0 | CN411: 0 | CQ411: 0 | CR411: 0 | CV411: 0.9419152 | CW411: 5 | CX411: 0 | CZ411: 0.1569859 | DA411: 0.9419152 | DE411: 0 | DF411: 1.098901 | DH411: 3.924647 | DJ411: 0 | DL411: 0 | DN411: 0 | DO411: 0 | DP411: 0 | DR411: 0 | DU411: 0 | DV411: 0 | DW411: 0 | DY411: 0.4709576 | DZ411: 0 | ED411: 0 | EE411: 2.354788 | EF411: 0 | EG411: 0 | EJ411: 0 | EL411: 0 | EN411: 14.4427
A412: =[2]forR!$B12/10 -> 1202.5 | B412: 13473 | C412: 0 | F412: 0 | J412: 0 | K412: 2.711324 | M412: 43.22169 | O412: 0 | Q412: 0 | S412: 0.3189793 | V412: 0 | W412: 0.1594896 | AA412: 0 | AD412: 0 | AE412: 0.6379585 | AF412: 0 | AG412: 0 | AH412: 0 | AI412: 6.698565 | AL412: 0 | AN412: 0 | AP412: 0 | AQ412: 0 | AR412: 0 | AV412: 0 | AW412: 0 | AX412: 4.14673 | AY412: 0 | BA412: 0.4784689 | BB412: 0 | BC412: 0 | BF412: 0.4784689 | BG412: 0 | BI412: 0 | BL412: 0.4784689 | BM412: 0 | BN412: 0 | BV412: 0 | BW412: 0 | BX412: 0 | CB412: 4 | CH412: 69 | CI412: 0 | CJ412: 16.58692 | CK412: 0 | CL412: 0 | CN412: 0 | CQ412: 0 | CR412: 0 | CV412: 1.275917 | CW412: 1 | CX412: 0.1594896 | CZ412: 0.3189793 | DA412: 1.594896 | DE412: 0 | DF412: 0 | DH412: 4.46571 | DJ412: 0 | DL412: 0 | DN412: 0 | DO412: 0 | DP412: 0 | DR412: 0 | DU412: 0 | DV412: 0 | DW412: 0 | DY412: 0.6379585 | DZ412: 0 | ED412: 0 | EE412: 0.7974482 | EF412: 0 | EG412: 0 | EJ412: 0 | EL412: 0 | EN412: 14.83254
A413: =[2]forR!$B13/10 -> 1204.8 | B413: 13503 | C413: 0 | F413: 0 | J413: 0 | K413: 3.859649 | M413: 44.21053 | O413: 1 | Q413: 0 | S413: 0.7017544 | V413: 0 | W413: 0 | AA413: 0 | AD413: 0 | AE413: 0.7017544 | AF413: 0 | AG413: 0 | AH413: 0 | AI413: 6.842105 | AL413: 0 | AN413: 0 | AP413: 0.1754386 | AQ413: 0 | AR413: 0 | AV413: 0 | AW413: 0 | AX413: 2.105263 | AY413: 0 | BA413: 0.7017544 | BB413: 0 | BC413: 0 | BF413: 0.1754386 | BG413: 0 | BI413: 0 | BL413: 0.877193 | BM413: 0 | BN413: 0 | BV413: 0 | BW413: 0 | BX413: 0 | CB413: 1 | CH413: 25 | CI413: 0 | CJ413: 13.68421 | CK413: 0 | CL413: 0.1754386 | CN413: 0 | CQ413: 0 | CR413: 0 | CV413: 1.052632 | CW413: 5 | CX413: 0 | CZ413: 0 | DA413: 0.5263158 | DE413: 0 | DF413: 0.5263158 | DH413: 5.789474 | DJ413: 0 | DL413: 0 | DN413: 0 | DO413: 0 | DP413: 0 | DR413: 0 | DU413: 0 | DV413: 1 | DW413: 0 | DY413: 0.3508772 | DZ413: 0 | ED413: 0 | EE413: 0.1754386 | EF413: 0 | EG413: 0 | EJ413: 0 | EL413: 0 | EN413: 17.36842
A414: =[2]forR!$B14/10 -> 1207.2 | B414: 13532 | C414: 0 | F414: 0 | J414: 0 | K414: 4.409449 | M414: 40.31496 | O414: 0 | Q414: 0.1574803 | S414: 1.259843 | V414: 0 | W414: 0 | AA414: 0.1574803 | AD414: 0 | AE414: 0.7874016 | AF414: 0.1574803 | AG414: 0 | AH414: 0 | AI414: 5.669291 | AL414: 0 | AN414: 0 | AP414: 0 | AQ414: 0 | AR414: 0 | AV414: 0 | AW414: 0 | AX414: 4.566929 | AY414: 0 | BA414: 0.7874016 | BB414: 0 | BC414: 0 | BF414: 0.1574803 | BG414: 0 | BI414: 0 | BL414: 0.7874016 | BM414: 0 | BN414: 0 | BV414: 0 | BW414: 0 | BX414: 0 | CB414: 1 | CH414: 30 | CI414: 0 | CJ414: 14.64567 | CK414: 0 | CL414: 0 | CN414: 0 | CQ414: 0 | CR414: 0 | CV414: 0.6299213 | CW414: 0 | CX414: 0 | CZ414: 0 | DA414: 1.574803 | DE414: 0.3149606 | DF414: 0.9448819 | DH414: 3.622047 | DJ414: 0 | DL414: 0 | DN414: 0 | DO414: 0 | DP414: 0 | DR414: 0 | DU414: 0 | DV414: 0 | DW414: 0 | DY414: 0.7874016 | DZ414: 0 | ED414: 0 | EE414: 1.102362 | EF414: 0.1574803 | EG414: 0 | EJ414: 0 | EL414: 0 | EN414: 17.00787
A415: =[2]forR!$B15/10 -> 1209.4 | B415: 13560 | C415: 0 | F415: 0 | J415: 0 | K415: 4.94012 | M415: 45.35928 | O415: 0 | Q415: 0 | S415: 0.748503 | V415: 0 | W415: 0.1497006 | AA415: 0 | AD415: 0.1497006 | AE415: 0 | AF415: 0 | AG415: 0 | AH415: 0 | AI415: 6.437126 | AL415: 0 | AN415: 0 | AP415: 0 | AQ415: 0 | AR415: 0 | AV415: 0 | AW415: 0 | AX415: 3.592814 | AY415: 0 | BA415: 0.4491018 | BB415: 0 | BC415: 0 | BF415: 0.1497006 | BG415: 0 | BI415: 0 | BL415: 0.5988024 | BM415: 0 | BN415: 0 | BV415: 0 | BW415: 0 | BX415: 0 | CB415: 3 | CH415: 16 | CI415: 0 | CJ415: 11.97605 | CK415: 0 | CL415: 0.1497006 | CN415: 0 | CQ415: 0 | CR415: 0 | CV415: 0.4491018 | CW415: 3 | CX415: 0 | CZ415: 0 | DA415: 1.646707 | DE415: 0 | DF415: 0.748503 | DH415: 2.994012 | DJ415: 0 | DL415: 0 | DN415: 0 | DO415: 0 | DP415: 0 | DR415: 0 | DU415: 0 | DV415: 0 | DW415: 0 | DY415: 0.748503 | DZ415: 0 | ED415: 0 | EE415: 1.197605 | EF415: 0 | EG415: 0.1497006 | EJ415: 0 | EL415: 0 | EN415: 17.36527
A416: =[2]forR!$B16/10 -> 1211.6 | B416: 13587 | C416: 0 | F416: 0 | J416: 0 | K416: 4.333869 | M416: 41.73355 | O416: 1 | Q416: 0 | S416: 0.8025682 | V416: 0 | W416: 0 | AA416: 0 | AD416: 0 | AE416: 0.3210273 | AF416: 0.1605136 | AG416: 0 | AH416: 0 | AI416: 6.420546 | AL416: 0 | AN416: 0 | AP416: 0 | AQ416: 1 | AR416: 0 | AV416: 0 | AW416: 0 | AX416: 2.086677 | AY416: 0 | BA416: 0.8025682 | BB416: 0 | BC416: 0 | BF416: 0 | BG416: 0 | BI416: 0 | BL416: 0.4815409 | BM416: 0 | BN416: 0 | BV416: 0 | BW416: 0 | BX416: 0 | CB416: 2 | CH416: 33 | CI416: 0 | CJ416: 16.69342 | CK416: 0 | CL416: 0 | CN416: 0 | CQ416: 0 | CR416: 0 | CV416: 1.123595 | CW416: 3 | CX416: 0.1605136 | CZ416: 0 | DA416: 1.444623 | DE416: 0.1605136 | DF416: 0.6420546 | DH416: 4.012841 | DJ416: 0.1605136 | DL416: 0 | DN416: 0 | DO416: 0 | DP416: 0 | DR416: 0 | DU416: 0 | DV416: 0 | DW416: 0 | DY416: 0.4815409 | DZ416: 0 | ED416: 0 | EE416: 1.284109 | EF416: 0 | EG416: 0 | EJ416: 0 | EL416: 0 | EN416: 16.69342
... A472: =[2]forR!$B72/10 -> 1349.6 | B472: 15030 | C472: 0 | F472: 1.136364 | J472: 0 | K472: 3.787879 | M472: 1.325758 | O472: 0 | Q472: 0.3787879 | S472: 0 | V472: 0.7575758 | W472: 0.5681818 | AA472: 0 | AD472: 1.704545 | AE472: 0.5681818 | AF472: 2.083333 | AG472: 0.5681818 | AH472: 1.136364 | AI472: 37.5 | AL472: 0 | AN472: 0.5681818 | AP472: 0 | AQ472: 0 | AR472: 0 | AV472: 0 | AW472: 3 | AX472: 0 | AY472: 0 | BA472: 0 | BB472: 0 | BC472: 0 | BF472: 0.7575758 | BG472: 0 | BI472: 0 | BL472: 0.1893939 | BM472: 0 | BN472: 0 | BV472: 0 | BW472: 0 | BX472: 0 | CB472: 0 | CH472: 28 | CI472: 1.704545 | CJ472: 32.19697 | CK472: 0 | CL472: 0 | CN472: 0 | CQ472: 0 | CR472: 0 | CV472: 0 | CW472: 2 | CX472: 0 | CZ472: 0.5681818 | DA472: 0 | DE472: 0 | DF472: 0 | DH472: 1.136364 | DJ472: 0 | DL472: 0 | DN472: 0 | DO472: 0 | DP472: 0 | DR472: 0 | DU472: 0 | DV472: 2 | DW472: 0 | DY472: 0 | DZ472: 0.1893939 | ED472: 0.1893939 | EE472: 0 | EF472: 0 | EG472: 0 | EJ472: 0 | EL472: 0 | EN472: 10.98485

Sheet LittLittStacked
A1: age | B1: depth | C1: Acer | D1: Alisma | E1: Alnus | F1: Artemisia | G1: Asteroideae | H1: Betula | I1: Buxus | J1: Calluna vulgaris | K1: Campanula type | L1: Carpinus | M1: Caryophyllaceae | N1: Centaurea | O1: Centaurea cyanus-type | P1: Centaurea jacea-type | Q1: Centaurea scabiosa | R1: Cerealia-type | S1: Chenopodiaceae | T1: Cichorioideae | U1: Circaea | V1: Corylus | W1: Cruciferae | X1: Cyperaceae | Y1: Echium | Z1: Equisetum | AA1: Euonymus europaeus | AB1: Fagopyrum | AC1: Fagus | AD1: Filicopsida monolete undifferentiated | AE1: Filicopsida trilete undifferentiated | AF1: Filipendula | AG1: Frangula | AH1: Fraxinus | AI1: Galium-type | AJ1: Gramineae | AK1: Hedera | AL1: Helianthemum | AM1: Humulus/Cannabis | AN1: Juglans | AO1: Juniperus | AP1: Labiatae | AQ1: Leguminosae | AR1: Lithospermum-type | AS1: Littorella uniflora | AT1: Lycopodium (added) | AU1: Lycopodium clavatum | AV1: Mentha-type | AW1: Menyanthes trifoliata | AX1: Myriophyllum alterniflorum | AY1: Myriophyllum spicatum/verticillatum | AZ1: Nymphaea | BA1: Pediastrum | BB1: Picea | BC1: Pinus | BD1: Plantago lanceolata | BE1: Plantago major/media | BF1: Polygonum amphibium | BG1: Polygonum aviculare | BH1: Populus | BI1: Potamogeton | BJ1: Potentilla-type | BK1: Pteridium aquilinum | BL1: Quercus | BM1: Ranunculaceae | BN1: Ranunculus subgen. Batrachium | BO1: Ranunculus-type | BP1: Rhamnus catharticus | BQ1: Rosaceae | BR1: Rumex-type | BS1: Salix | BT1: Sambucus | BU1: Sanguisorba minor | BV1: Saxifraga stellaris-type | BW1: Secale | BX1: Sparganium-type | BY1: Spergula | BZ1: Sphagnum | CA1: Succisa | CB1: Symphytum | CC1: Taxus | CD1: Thalictrum-type | CE1: Tilia | CF1: Trifolium-type | CG1: Typha angustifolia/Sparganium | CH1: Typha latifolia-type | CI1: Ulmus | CJ1: Umbelliferae | CK1: Urtica-type | CL1: Vaccinium-type | CM1: Valeriana | CN1: Vicia-type | CO1: Viscum | CP1: Abies | CQ1: Armeria | CR1: Botrychium | CS1: Empetrum nigrum | CT1: Ephedra distachya-type | CU1: Epilobium | CV1: Ericaceae | CW1: Filipendula-type | CX1: Gentianaceae | CY1: Geranium | CZ1: Hippophae rhamnoides | DA1: Hypericum-type | DB1: Melampyrum | DC1: Polemonium caeruleum | DD1: Polygonum bistorta | DE1: Sanguisorba officinalis | DF1: Saxifraga oppositifolia-type | DG1: Scrophulariaceae | DH1: Selaginella selaginoides | DI1: SUM | DJ1: PollenZone
A2: group | C2: Arboreal | D2: Aquatic | E2: Arboreal | F2: Herb | G2: Herb | H2: Arboreal | I2: Arboreal | J2: Herb | K2: Herb | L2: Arboreal | M2: Herb | N2: Herb | O2: Herb | P2: Herb | Q2: Herb | R2: Herb | S2: Herb | T2: Herb | U2: Herb | V2: Arboreal | W2: Herb | X2: Herb | Y2: Herb | Z2: Aquatic | AA2: Arboreal | AB2: Herb | AC2: Arboreal | AD2: Aquatic | AE2: Aquatic | AF2: Herb | AG2: Arboreal | AH2: Arboreal | AI2: Herb | AJ2: Herb | AK2: Herb | AL2: Herb | AM2: Herb | AN2: Arboreal | AO2: Arboreal | AP2: Herb | AQ2: Herb | AR2: Herb | AS2: Aquatic | AT2: Spike | AU2: Herb | AV2: Herb | AW2: Aquatic | AX2: Aquatic | AY2: Aquatic | AZ2: Aquatic | BA2: Aquatic | BB2: Arboreal | BC2: Arboreal | BD2: Herb | BE2: Herb | BF2: Herb | BG2: Herb | BH2: Arboreal | BI2: Aquatic | BJ2: Herb | BK2: Fern | BL2: Arboreal | BM2: Herb | BN2: Herb | BO2: Herb | BP2: Arboreal | BQ2: Herb | BR2: Herb | BS2: Arboreal | BT2: Arboreal | BU2: Herb | BV2: Herb | BW2: Herb | BX2: Aquatic | BY2: Herb | BZ2: Aquatic | CA2: Herb | CB2: Herb | CC2: Arboreal | CD2: Herb | CE2: Arboreal | CF2: Herb | CG2: Aquatic | CH2: Aquatic | CI2: Arboreal | CJ2: Herb | CK2: Herbs | CL2: Herb | CM2: Herb | CN2: Herb | CO2: Herb | CP2: Arboreal | CQ2: Herb | CR2: Aquatic | CS2: Herb | CT2: Arboreal | CU2: Herb | CV2: Herb | CW2: Herb | CX2: Herb | CY2: Herb | CZ2: Arboreal | DA2: Herb | DB2: Herb | DC2: Herb | DD2: Herb | DE2: Herb | DF2: Herb | DG2: Herb | DH2: Aquatic | DI2: P | DJ2: zone
A3: Age Litt_2009 | B3: Depth sed [m] | C3: Acer | D3: Alisma | E3: Alnus | F3: Artemisia | G3: Asteroideae | H3: Betula | I3: Buxus | J3: Calluna vulgaris | K3: Campanula type | L3: Carpinus | M3: Caryophyllaceae | N3: Centaurea | O3: Centaurea cyanus-type | P3: Centaurea jacea-type | Q3: Centaurea scabiosa | R3: Cerealia-type | S3: Chenopodiaceae | T3: Cichorioideae | U3: Circaea | V3: Corylus | W3: Cruciferae | X3: Cyperaceae | Y3: Echium | Z3: Equisetum | AA3: Euonymus europaeus | AB3: Fagopyrum | AC3: Fagus | AD3: Filicopsida monolete undifferentiated | AE3: Filicopsida trilete undifferentiated | AF3: Filipendula | AG3: Frangula | AH3: Fraxinus | AI3: Galium-type | AJ3: Gramineae | AK3: Hedera | AL3: Helianthemum | AM3: Humulus/Cannabis | AN3: Juglans | AO3: Juniperus | AP3: Labiatae | AQ3: Leguminosae | AR3: Lithospermum-type | AS3: Littorella uniflora | AT3: Lycopodium (added) | AU3: Lycopodium clavatum | AV3: Mentha-type | AW3: Menyanthes trifoliata | AX3: Myriophyllum alterniflorum | AY3: Myriophyllum spicatum/verticillatum | AZ3: Nymphaea | BA3: Pediastrum | BB3: Picea | BC3: Pinus | BD3: Plantago lanceolata | BE3: Plantago major/media | BF3: Polygonum amphibium | BG3: Polygonum aviculare | BH3: Populus | BI3: Potamogeton | BJ3: Potentilla-type | BK3: Pteridium aquilinum | BL3: Quercus | BM3: Ranunculaceae | BN3: Ranunculus subgen. Batrachium | BO3: Ranunculus-type | BP3: Rhamnus catharticus | BQ3: Rosaceae | BR3: Rumex-type | BS3: Salix | BT3: Sambucus | BU3: Sanguisorba minor | BV3: Saxifraga stellaris-type | BW3: Secale | BX3: Sparganium-type | BY3: Spergula | BZ3: Sphagnum | CA3: Succisa | CB3: Symphytum | CC3: Taxus | CD3: Thalictrum-type | CE3: Tilia | CF3: Trifolium-type | CG3: Typha angustifolia/Sparganium | CH3: Typha latifolia-type | CI3: Ulmus | CJ3: Umbelliferae | CK3: Urtica-type | CL3: Vaccinium-type | CM3: Valeriana | CN3: Vicia-type | CO3: Viscum | CP3: Abies | CQ3: Armeria | CR3: Botrychium | CS3: Empetrum nigrum | CT3: Ephedra distachya-type | CU3: Epilobium | CV3: Ericaceae | CW3: Filipendula-type | CX3: Gentianaceae | CY3: Geranium | CZ3: Hippophae rhamnoides | DA3: Hypericum-type | DB3: Melampyrum | DC3: Polemonium caeruleum | DD3: Polygonum bistorta | DE3: Sanguisorba officinalis | DF3: Saxifraga oppositifolia-type | DG3: Scrophulariaceae | DH3: Selaginella selaginoides | DI3: SUM | DJ3: Pollenzone
A4: 0 | B4: 0 | C4: 0 | D4: 0 | E4: 31 | F4: 4 | G4: 4 | H4: 42 | I4: 0 | J4: 2 | K4: 1 | L4: 27 | M4: 0 | N4: 0 | O4: 0 | P4: 0 | Q4: 0 | R4: 1 | S4: 2 | T4: 17 | U4: 0 | V4: 18 | W4: 5 | X4: 11 | Y4: 0 | Z4: 0 | AA4: 0 | AB4: 0 | AC4: 94 | AD4: 4 | AE4: 0 | AF4: 3 | AG4: 0 | AH4: 15 | AI4: 1 | AJ4: 196 | AK4: 0 | AL4: 0 | AM4: 0 | AN4: 0 | AO4: 1 | AP4: 0 | AQ4: 0 | AR4: 0 | AS4: 0 | AT4: 11300 | AU4: 78 | AV4: 0 | AW4: 0 | AX4: 4 | AY4: 10 | AZ4: 0 | BA4: 8 | BB4: 40 | BC4: 85 | BD4: 5 | BE4: 2 | BF4: 0 | BG4: 1 | BH4: 1 | BI4: 0 | BJ4: 0 | BK4: 1 | BL4: 74 | BM4: 0 | BN4: 2 | BO4: 51 | BP4: 0 | BQ4: 0 | BR4: 18 | BS4: 14 | BT4: 0 | BU4: 0 | BV4: 0 | BW4: 15 | BX4: 0 | BY4: 0 | BZ4: 0 | CA4: 0 | CB4: 0 | CC4: 0 | CD4: 0 | CE4: 0 | CF4: 0 | CG4: 1 | CH4: 0 | CI4: 0 | CJ4: 1 | CK4: 2 | CL4: 0 | CM4: 0 | CN4: 0 | CO4: 0 | DI4: =SUM(C4:DH4)-AT4 -> 892 | DJ4: Holocene
A5: =((($A$4-$A$8))/(($B$4-$B$8*10))+A4) -> 30 | B5: 0.1 | C5: 0 | D5: 0 | E5: 26 | F5: 5 | G5: 4 | H5: 56 | I5: 1 | J5: 1 | K5: 1 | L5: 7 | M5: 3 | N5: 0 | O5: 0 | P5: 0 | Q5: 0 | R5: 5 | S5: 10 | T5: 21 | U5: 0 | V5: 23 | W5: 5 | X5: 40 | Y5: 0 | Z5: 0 | AA5: 0 | AB5: 0 | AC5: 128 | AD5: 5 | AE5: 0 | AF5: 13 | AG5: 0 | AH5: 7 | AI5: 2 | AJ5: 356 | AK5: 1 | AL5: 0 | AM5: 0 | AN5: 1 | AO5: 0 | AP5: 0 | AQ5: 0 | AR5: 0 | AS5: 0 | AT5: 11300 | AU5: 154 | AV5: 2 | AW5: 1 | AX5: 0 | AY5: 14 | AZ5: 0 | BA5: 10 | BB5: 41 | BC5: 76 | BD5: 14 | BE5: 2 | BF5: 0 | BG5: 3 | BH5: 0 | BI5: 8 | BJ5: 1 | BK5: 2 | BL5: 100 | BM5: 0 | BN5: 4 | BO5: 81 | BP5: 0 | BQ5: 0 | BR5: 43 | BS5: 6 | BT5: 0 | BU5: 0 | BV5: 0 | BW5: 36 | BX5: 0 | BY5: 0 | BZ5: 0 | CA5: 0 | CB5: 0 | CC5: 0 | CD5: 0 | CE5: 0 | CF5: 0 | CG5: 2 | CH5: 0 | CI5: 3 | CJ5: 1 | CK5: 4 | CL5: 0 | CM5: 1 | CN5: 0 | CO5: 0 | DI5: =SUM(C5:DH5)-AT5 -> 1330 | DJ5: Holocene
A6: =((($A$4-$A$8))/(($B$4-$B$8*10))+A5) -> 60 | B6: 0.2 | C6: 1 | D6: 0 | E6: 44 | F6: 1 | G6: 9 | H6: 55 | I6: 0 | J6: 10 | K6: 1 | L6: 25 | M6: 6 | N6: 0 | O6: 0 | P6: 0 | Q6: 0 | R6: 51 | S6: 11 | T6: 25 | U6: 0 | V6: 37 | W6: 5 | X6: 47 | Y6: 0 | Z6: 0 | AA6: 0 | AB6: 0 | AC6: 115 | AD6: 7 | AE6: 0 | AF6: 10 | AG6: 0 | AH6: 3 | AI6: 3 | AJ6: 301 | AK6: 1 | AL6: 0 | AM6: 0 | AN6: 0 | AO6: 0 | AP6: 0 | AQ6: 0 | AR6: 0 | AS6: 0 | AT6: 11300 | AU6: 183 | AV6: 1 | AW6: 0 | AX6: 5 | AY6: 5 | AZ6: 0 | BA6: 39 | BB6: 42 | BC6: 88 | BD6: 22 | BE6: 6 | BF6: 0 | BG6: 6 | BH6: 0 | BI6: 3 | BJ6: 0 | BK6: 0 | BL6: 104 | BM6: 0 | BN6: 1 | BO6: 78 | BP6: 0 | BQ6: 0 | BR6: 56 | BS6: 15 | BT6: 0 | BU6: 3 | BV6: 0 | BW6: 7 | BX6: 0 | BY6: 0 | BZ6: 0 | CA6: 0 | CB6: 0 | CC6: 0 | CD6: 1 | CE6: 0 | CF6: 0 | CG6: 0 | CH6: 1 | CI6: 0 | CJ6: 3 | CK6: 9 | CL6: 0 | CM6: 0 | CN6: 1 | CO6: 0 | DI6: =SUM(C6:DH6)-AT6 -> 1447 | DJ6: Holocene
A7: =((($A$4-$A$8))/(($B$4-$B$8*10))+A6) -> 90 | B7: 0.3 | C7: 0 | D7: 0 | E7: 27 | F7: 4 | G7: 5 | H7: 43 | I7: 0 | J7: 2 | K7: 0 | L7: 39 | M7: 1 | N7: 0 | O7: 0 | P7: 0 | Q7: 0 | R7: 7 | S7: 4 | T7: 23 | U7: 0 | V7: 40 | W7: 2 | X7: 35 | Y7: 0 | Z7: 0 | AA7: 0 | AB7: 0 | AC7: 149 | AD7: 6 | AE7: 0 | AF7: 7 | AG7: 0 | AH7: 5 | AI7: 0 | AJ7: 322 | AK7: 0 | AL7: 0 | AM7: 0 | AN7: 1 | AO7: 4 | AP7: 3 | AQ7: 0 | AR7: 0 | AS7: 3 | AT7: 11300 | AU7: 205 | AV7: 1 | AW7: 0 | AX7: 0 | AY7: 13 | AZ7: 0 | BA7: 24 | BB7: 35 | BC7: 79 | BD7: 18 | BE7: 5 | BF7: 0 | BG7: 3 | BH7: 1 | BI7: 3 | BJ7: 0 | BK7: 0 | BL7: 63 | BM7: 0 | BN7: 5 | BO7: 52 | BP7: 0 | BQ7: 0 | BR7: 42 | BS7: 11 | BT7: 0 | BU7: 3 | BV7: 0 | BW7: 75 | BX7: 0 | BY7: 0 | BZ7: 0 | CA7: 0 | CB7: 0 | CC7: 0 | CD7: 0 | CE7: 0 | CF7: 0 | CG7: 0 | CH7: 0 | CI7: 4 | CJ7: 1 | CK7: 4 | CL7: 0 | CM7: 0 | CN7: 0 | CO7: 0 | DI7: =SUM(C7:DH7)-AT7 -> 1379 | DJ7: Holocene
A8: 120 | B8: 0.4 | C8: 0 | D8: 0 | E8: 38 | F8: 3 | G8: 6 | H8: 50 | I8: 0 | J8: 0 | K8: 0 | L8: 34 | M8: 2 | N8: 0 | O8: 0 | P8: 0 | Q8: 0 | R8: 7 | S8: 8 | T8: 25 | U8: 0 | V8: 47 | W8: 8 | X8: 29 | Y8: 0 | Z8: 0 | AA8: 0 | AB8: 0 | AC8: 107 | AD8: 3 | AE8: 0 | AF8: 5 | AG8: 0 | AH8: 3 | AI8: 1 | AJ8: 321 | AK8: 0 | AL8: 0 | AM8: 0 | AN8: 1 | AO8: 1 | AP8: 2 | AQ8: 0 | AR8: 0 | AS8: 1 | AT8: 11300 | AU8: 182 | AV8: 0 | AW8: 0 | AX8: 0 | AY8: 7 | AZ8: 3 | BA8: 24 | BB8: 28 | BC8: 64 | BD8: 24 | BE8: 5 | BF8: 1 | BG8: 0 | BH8: 0 | BI8: 12 | BJ8: 0 | BK8: 0 | BL8: 102 | BM8: 0 | BN8: 2 | BO8: 60 | BP8: 0 | BQ8: 0 | BR8: 47 | BS8: 11 | BT8: 0 | BU8: 2 | BV8: 0 | BW8: 49 | BX8: 0 | BY8: 0 | BZ8: 0 | CA8: 0 | CB8: 0 | CC8: 1 | CD8: 1 | CE8: 0 | CF8: 0 | CG8: 0 | CH8: 0 | CI8: 3 | CJ8: 3 | CK8: 7 | CL8: 0 | CM8: 0 | CN8: 0 | CO8: 0 | DI8: =SUM(C8:DH8)-AT8 -> 1340 | DJ8: Holocene
A9: =(($A$8-$A$28)/(($B$8-$B$28)*10))+A8 -> 164.5 | B9: 0.5 | C9: 0 | D9: 0 | E9: 19 | F9: 4 | G9: 7 | H9: 27 | I9: 0 | J9: 7 | K9: 0 | L9: 19 | M9: 2 | N9: 0 | O9: 1 | P9: 0 | Q9: 1 | R9: 5 | S9: 2 | T9: 30 | U9: 0 | V9: 18 | W9: 6 | X9: 40 | Y9: 0 | Z9: 0 | AA9: 0 | AB9: 0 | AC9: 71 | AD9: 7 | AE9: 0 | AF9: 6 | AG9: 0 | AH9: 2 | AI9: 1 | AJ9: 276 | AK9: 1 | AL9: 0 | AM9: 1 | AN9: 4 | AO9: 0 | AP9: 1 | AQ9: 1 | AR9: 0 | AS9: 1 | AT9: 11300 | AU9: 142 | AV9: 0 | AW9: 0 | AX9: 0 | AY9: 3 | AZ9: 0 | BA9: 18 | BB9: 6 | BC9: 50 | BD9: 22 | BE9: 0 | BF9: 0 | BG9: 4 | BH9: 0 | BI9: 1 | BJ9: 0 | BK9: 0 | BL9: 136 | BM9: 0 | BN9: 7 | BO9: 97 | BP9: 0 | BQ9: 0 | BR9: 63 | BS9: 2 | BT9: 0 | BU9: 0 | BV9: 0 | BW9: 97 | BX9: 0 | BY9: 0 | BZ9: 0 | CA9: 0 | CB9: 0 | CC9: 0 | CD9: 1 | CE9: 0 | CF9: 0 | CG9: 0 | CH9: 0 | CI9: 3 | CJ9: 2 | CK9: 7 | CL9: 0 | CM9: 0 | CN9: 1 | CO9: 0 | DI9: =SUM(C9:DH9)-AT9 -> 1222 | DJ9: Holocene
A10: =(($A$8-$A$28)/(($B$8-$B$28)*10))+A9 -> 209 | B10: 0.6 | C10: 0 | D10: 0 | E10: 35 | F10: 2 | G10: 16 | H10: 38 | I10: 0 | J10: 10 | K10: 1 | L10: 8 | M10: 6 | N10: 0 | O10: 0 | P10: 0 | Q10: 1 | R10: 8 | S10: 1 | T10: 44 | U10: 0 | V10: 28 | W10: 7 | X10: 45 | Y10: 0 | Z10: 0 | AA10: 0 | AB10: 0 | AC10: 95 | AD10: 14 | AE10: 1 | AF10: 2 | AG10: 0 | AH10: 0 | AI10: 0 | AJ10: 436 | AK10: 0 | AL10: 0 | AM10: 0 | AN10: 2 | AO10: 8 | AP10: 1 | AQ10: 0 | AR10: 0 | AS10: 0 | AT10: 11300 | AU10: 149 | AV10: 0 | AW10: 0 | AX10: 0 | AY10: 5 | AZ10: 0 | BA10: 76 | BB10: 2 | BC10: 34 | BD10: 19 | BE10: 1 | BF10: 0 | BG10: 5 | BH10: 0 | BI10: 3 | BJ10: 2 | BK10: 0 | BL10: 112 | BM10: 0 | BN10: 6 | BO10: 89 | BP10: 0 | BQ10: 0 | BR10: 85 | BS10: 5 | BT10: 0 | BU10: 0 | BV10: 0 | BW10: 79 | BX10: 0 | BY10: 0 | BZ10: 0 | CA10: 0 | CB10: 0 | CC10: 0 | CD10: 0 | CE10: 0 | CF10: 0 | CG10: 0 | CH10: 0 | CI10: 2 | CJ10: 3 | CK10: 18 | CL10: 0 | CM10: 0 | CN10: 0 | CO10: 0 | DI10: =SUM(C10:DH10)-AT10 -> 1504 | DJ10: Holocene
A11: =(($A$8-$A$28)/(($B$8-$B$28)*10))+A10 -> 253.5 | B11: 0.7 | C11: 1 | D11: 0 | E11: 26 | F11: 0 | G11: 8 | H11: 34 | I11: 0 | J11: 8 | K11: 0 | L11: 10 | M11: 2 | N11: 0 | O11: 0 | P11: 0 | Q11: 0 | R11: 5 | S11: 3 | T11: 53 | U11: 0 | V11: 39 | W11: 5 | X11: 28 | Y11: 0 | Z11: 0 | AA11: 0 | AB11: 1 | AC11: 149 | AD11: 11 | AE11: 0 | AF11: 7 | AG11: 0 | AH11: 1 | AI11: 0 | AJ11: 393 | AK11: 0 | AL11: 0 | AM11: 1 | AN11: 4 | AO11: 3 | AP11: 2 | AQ11: 0 | AR11: 0 | AS11: 0 | AT11: 11300 | AU11: 112 | AV11: 0 | AW11: 0 | AX11: 0 | AY11: 1 | AZ11: 0 | BA11: 6 | BB11: 1 | BC11: 23 | BD11: 19 | BE11: 1 | BF11: 0 | BG11: 5 | BH11: 0 | BI11: 0 | BJ11: 0 | BK11: 4 | BL11: 145 | BM11: 0 | BN11: 2 | BO11: 46 | BP11: 0 | BQ11: 1 | BR11: 55 | BS11: 7 | BT11: 0 | BU11: 0 | BV11: 0 | BW11: 62 | BX11: 0 | BY11: 0 | BZ11: 0 | CA11: 0 | CB11: 0 | CC11: 0 | CD11: 0 | CE11: 0 | CF11: 0 | CG11: 0 | CH11: 0 | CI11: 1 | CJ11: 4 | CK11: 19 | CL11: 0 | CM11: 0 | CN11: 0 | CO11: 0 | DI11: =SUM(C11:DH11)-AT11 -> 1308 | DJ11: Holocene
A12: =(($A$8-$A$28)/(($B$8-$B$28)*10))+A11 -> 298 | B12: 0.8 | C12: 1 | D12: 0 | E12: 41 | F12: 2 | G12: 11 | H12: 31 | I12: 0 | J12: 20 | K12: 1 | L12: 5 | M12: 3 | N12: 0 | O12: 0 | P12: 0 | Q12: 0 | R12: 14 | S12: 1 | T12: 61 | U12: 0 | V12: 24 | W12: 4 | X12: 70 | Y12: 0 | Z12: 0 | AA12: 0 | AB12: 0 | AC12: 136 | AD12: 22 | AE12: 0 | AF12: 9 | AG12: 0 | AH12: 1 | AI12: 0 | AJ12: 337 | AK12: 0 | AL12: 0 | AM12: 0 | AN12: 1 | AO12: 3 | AP12: 0 | AQ12: 0 | AR12: 0 | AS12: 0 | AT12: 11300 | AU12: 251 | AV12: 0 | AW12: 0 | AX12: 0 | AY12: 4 | AZ12: 0 | BA12: 6 | BB12: 0 | BC12: 18 | BD12: 29 | BE12: 3 | BF12: 0 | BG12: 9 | BH12: 0 | BI12: 0 | BJ12: 1 | BK12: 2 | BL12: 212 | BM12: 0 | BN12: 4 | BO12: 27 | BP12: 0 | BQ12: 1 | BR12: 65 | BS12: 2 | BT12: 0 | BU12: 0 | BV12: 0 | BW12: 54 | BX12: 0 | BY12: 0 | BZ12: 1 | CA12: 0 | CB12: 0 | CC12: 0 | CD12: 1 | CE12: 0 | CF12: 0 | CG12: 0 | CH12: 0 | CI12: 0 | CJ12: 4 | CK12: 24 | CL12: 0 | CM12: 0 | CN12: 0 | CO12: 0 | DI12: =SUM(C12:DH12)-AT12 -> 1516 | DJ12: Holocene
A13: =(($A$8-$A$28)/(($B$8-$B$28)*10))+A12 -> 342.5 | B13: 0.9 | C13: 0 | D13: 0 | E13: 38 | F13: 2 | G13: 11 | H13: 29 | I13: 0 | J13: 15 | K13: 2 | L13: 4 | M13: 1 | N13: 0 | O13: 0 | P13: 0 | Q13: 0 | R13: 4 | S13: 1 | T13: 49 | U13: 0 | V13: 39 | W13: 4 | X13: 47 | Y13: 0 | Z13: 0 | AA13: 0 | AB13: 1 | AC13: 147 | AD13: 24 | AE13: 0 | AF13: 12 | AG13: 0 | AH13: 0 | AI13: 1 | AJ13: 361 | AK13: 0 | AL13: 0 | AM13: 0 | AN13: 3 | AO13: 2 | AP13: 1 | AQ13: 2 | AR13: 0 | AS13: 0 | AT13: 11300 | AU13: 148 | AV13: 0 | AW13: 0 | AX13: 0 | AY13: 4 | AZ13: 0 | BA13: 2 | BB13: 0 | BC13: 21 | BD13: 17 | BE13: 0 | BF13: 0 | BG13: 7 | BH13: 3 | BI13: 0 | BJ13: 1 | BK13: 1 | BL13: 179 | BM13: 0 | BN13: 2 | BO13: 31 | BP13: 0 | BQ13: 1 | BR13: 90 | BS13: 4 | BT13: 0 | BU13: 0 | BV13: 0 | BW13: 56 | BX13: 0 | BY13: 0 | BZ13: 1 | CA13: 0 | CB13: 0 | CC13: 0 | CD13: 0 | CE13: 0 | CF13: 0 | CG13: 0 | CH13: 0 | CI13: 3 | CJ13: 0 | CK13: 13 | CL13: 0 | CM13: 0 | CN13: 0 | CO13: 0 | DI13: =SUM(C13:DH13)-AT13 -> 1384 | DJ13: Holocene
A14: =(($A$8-$A$28)/(($B$8-$B$28)*10))+A13 -> 387 | B14: 1 | C14: 1 | D14: 0 | E14: 26 | F14: 2 | G14: 6 | H14: 34 | I14: 0 | J14: 17 | K14: 2 | L14: 8 | M14: 4 | N14: 0 | O14: 0 | P14: 0 | Q14: 1 | R14: 16 | S14: 4 | T14: 54 | U14: 0 | V14: 31 | W14: 4 | X14: 44 | Y14: 0 | Z14: 1 | AA14: 0 | AB14: 3 | AC14: 142 | AD14: 13 | AE14: 2 | AF14: 10 | AG14: 0 | AH14: 0 | AI14: 0 | AJ14: 325 | AK14: 1 | AL14: 0 | AM14: 0 | AN14: 1 | AO14: 10 | AP14: 0 | AQ14: 0 | AR14: 0 | AS14: 0 | AT14: 11300 | AU14: 166 | AV14: 2 | AW14: 0 | AX14: 0 | AY14: 13 | AZ14: 1 | BA14: 27 | BB14: 1 | BC14: 21 | BD14: 26 | BE14: 2 | BF14: 0 | BG14: 4 | BH14: 0 | BI14: 2 | BJ14: 0 | BK14: 2 | BL14: 199 | BM14: 0 | BN14: 2 | BO14: 52 | BP14: 0 | BQ14: 0 | BR14: 56 | BS14: 1 | BT14: 0 | BU14: 0 | BV14: 0 | BW14: 41 | BX14: 0 | BY14: 0 | BZ14: 0 | CA14: 0 | CB14: 0 | CC14: 0 | CD14: 4 | CE14: 0 | CF14: 0 | CG14: 0 | CH14: 0 | CI14: 1 | CJ14: 4 | CK14: 9 | CL14: 0 | CM14: 0 | CN14: 0 | CO14: 0 | DI14: =SUM(C14:DH14)-AT14 -> 1398 | DJ14: Holocene
A15: =(($A$8-$A$28)/(($B$8-$B$28)*10))+A14 -> 431.5 | B15: 1.1 | C15: 1 | D15: 0 | E15: 52 | F15: 5 | G15: 8 | H15: 53 | I15: 0 | J15: 22 | K15: 1 | L15: 19 | M15: 1 | N15: 0 | O15: 0 | P15: 0 | Q15: 0 | R15: 4 | S15: 4 | T15: 37 | U15: 0 | V15: 46 | W15: 8 | X15: 26 | Y15: 0 | Z15: 1 | AA15: 0 | AB15: 0 | AC15: 192 | AD15: 10 | AE15: 1 | AF15: 6 | AG15: 1 | AH15: 0 | AI15: 1 | AJ15: 279 | AK15: 0 | AL15: 0 | AM15: 0 | AN15: 2 | AO15: 23 | AP15: 0 | AQ15: 1 | AR15: 0 | AS15: 0 | AT15: 11300 | AU15: 125 | AV15: 1 | AW15: 0 | AX15: 0 | AY15: 11 | AZ15: 1 | BA15: 11 | BB15: 0 | BC15: 15 | BD15: 20 | BE15: 0 | BF15: 0 | BG15: 7 | BH15: 0 | BI15: 2 | BJ15: 2 | BK15: 1 | BL15: 222 | BM15: 0 | BN15: 7 | BO15: 37 | BP15: 0 | BQ15: 0 | BR15: 58 | BS15: 5 | BT15: 0 | BU15: 0 | BV15: 0 | BW15: 63 | BX15: 0 | BY15: 0 | BZ15: 0 | CA15: 0 | CB15: 0 | CC15: 0 | CD15: 0 | CE15: 2 | CF15: 0 | CG15: 0 | CH15: 0 | CI15: 0 | CJ15: 6 | CK15: 11 | CL15: 0 | CM15: 0 | CN15: 0 | CO15: 1 | DI15: =SUM(C15:DH15)-AT15 -> 1412 | DJ15: Holocene
A16: =(($A$8-$A$28)/(($B$8-$B$28)*10))+A15 -> 476 | B16: 1.2 | C16: 2 | D16: 0 | E16: 50 | F16: 2 | G16: 14 | H16: 61 | I16: 0 | J16: 5 | K16: 0 | L16: 19 | M16: 1 | N16: 0 | O16: 2 | P16: 0 | Q16: 0 | R16: 13 | S16: 2 | T16: 38 | U16: 0 | V16: 37 | W16: 4 | X16: 34 | Y16: 0 | Z16: 0 | AA16: 0 | AB16: 1 | AC16: 206 | AD16: 17 | AE16: 0 | AF16: 10 | AG16: 1 | AH16: 0 | AI16: 2 | AJ16: 256 | AK16: 0 | AL16: 0 | AM16: 0 | AN16: 3 | AO16: 5 | AP16: 0 | AQ16: 0 | AR16: 0 | AS16: 0 | AT16: 11300 | AU16: 175 | AV16: 0 | AW16: 1 | AX16: 0 | AY16: 14 | AZ16: 0 | BA16: 7 | BB16: 2 | BC16: 10 | BD16: 24 | BE16: 3 | BF16: 0 | BG16: 6 | BH16: 0 | BI16: 1 | BJ16: 0 | BK16: 1 | BL16: 256 | BM16: 0 | BN16: 4 | BO16: 100 | BP16: 0 | BQ16: 3 | BR16: 52 | BS16: 2 | BT16: 0 | BU16: 0 | BV16: 0 | BW16: 45 | BX16: 0 | BY16: 0 | BZ16: 0 | CA16: 0 | CB16: 0 | CC16: 0 | CD16: 1 | CE16: 0 | CF16: 0 | CG16: 0 | CH16: 0 | CI16: 0 | CJ16: 3 | CK16: 10 | CL16: 0 | CM16: 0 | CN16: 0 | CO16: 0 | DI16: =SUM(C16:DH16)-AT16 -> 1505 | DJ16: Holocene
A17: =(($A$8-$A$28)/(($B$8-$B$28)*10))+A16 -> 520.5 | B17: 1.3 | C17: 0 | D17: 0 | E17: 41 | F17: 3 | G17: 5 | H17: 13 | I17: 1 | J17: 15 | K17: 0 | L17: 6 | M17: 3 | N17: 0 | O17: 0 | P17: 0 | Q17: 0 | R17: 4 | S17: 0 | T17: 46 | U17: 0 | V17: 39 | W17: 2 | X17: 13 | Y17: 0 | Z17: 0 | AA17: 0 | AB17: 0 | AC17: 184 | AD17: 14 | AE17: 0 | AF17: 4 | AG17: 0 | AH17: 0 | AI17: 1 | AJ17: 336 | AK17: 0 | AL17: 0 | AM17: 0 | AN17: 1 | AO17: 4 | AP17: 1 | AQ17: 1 | AR17: 0 | AS17: 0 | AT17: 11300 | AU17: 111 | AV17: 0 | AW17: 0 | AX17: 0 | AY17: 6 | AZ17: 0 | BA17: 1 | BB17: 0 | BC17: 5 | BD17: 18 | BE17: 1 | BF17: 0 | BG17: 2 | BH17: 0 | BI17: 8 | BJ17: 1 | BK17: 1 | BL17: 214 | BM17: 0 | BN17: 0 | BO17: 38 | BP17: 0 | BQ17: 0 | BR17: 52 | BS17: 8 | BT17: 0 | BU17: 0 | BV17: 0 | BW17: 30 | BX17: 0 | BY17: 0 | BZ17: 0 | CA17: 0 | CB17: 0 | CC17: 0 | CD17: 0 | CE17: 0 | CF17: 0 | CG17: 0 | CH17: 0 | CI17: 1 | CJ17: 1 | CK17: 10 | CL17: 0 | CM17: 0 | CN17: 0 | CO17: 0 | DI17: =SUM(C17:DH17)-AT17 -> 1245 | DJ17: Holocene
A18: =(($A$8-$A$28)/(($B$8-$B$28)*10))+A17 -> 565 | B18: 1.4 | C18: 1 | D18: 0 | E18: 44 | F18: 4 | G18: 5 | H18: 32 | I18: 0 | J18: 15 | K18: 0 | L18: 19 | M18: 0 | N18: 0 | O18: 0 | P18: 0 | Q18: 0 | R18: 6 | S18: 1 | T18: 51 | U18: 1 | V18: 32 | W18: 1 | X18: 9 | Y18: 0 | Z18: 0 | AA18: 0 | AB18: 0 | AC18: 159 | AD18: 20 | AE18: 3 | AF18: 6 | AG18: 0 | AH18: 0 | AI18: 1 | AJ18: 196 | AK18: 0 | AL18: 2 | AM18: 0 | AN18: 3 | AO18: 6 | AP18: 0 | AQ18: 0 | AR18: 0 | AS18: 0 | AT18: 11300 | AU18: 159 | AV18: 0 | AW18: 0 | AX18: 0 | AY18: 11 | AZ18: 0 | BA18: 6 | BB18: 1 | BC18: 8 | BD18: 19 | BE18: 4 | BF18: 0 | BG18: 7 | BH18: 0 | BI18: 0 | BJ18: 0 | BK18: 2 | BL18: 329 | BM18: 0 | BN18: 2 | BO18: 29 | BP18: 0 | BQ18: 0 | BR18: 49 | BS18: 2 | BT18: 0 | BU18: 0 | BV18: 0 | BW18: 46 | BX18: 0 | BY18: 0 | BZ18: 0 | CA18: 0 | CB18: 0 | CC18: 0 | CD18: 1 | CE18: 1 | CF18: 0 | CG18: 0 | CH18: 0 | CI18: 1 | CJ18: 3 | CK18: 13 | CL18: 0 | CM18: 0 | CN18: 0 | CO18: 0 | DI18: =SUM(C18:DH18)-AT18 -> 1310 | DJ18: Holocene
A19: =(($A$8-$A$28)/(($B$8-$B$28)*10))+A18 -> 609.5 | B19: 1.5 | C19: 1 | D19: 0 | E19: 58 | F19: 4 | G19: 1 | H19: 45 | I19: 0 | J19: 8 | K19: 1 | L19: 21 | M19: 3 | N19: 0 | O19: 0 | P19: 0 | Q19: 0 | R19: 4 | S19: 2 | T19: 32 | U19: 0 | V19: 60 | W19: 5 | X19: 43 | Y19: 1 | Z19: 0 | AA19: 0 | AB19: 0 | AC19: 198 | AD19: 27 | AE19: 0 | AF19: 5 | AG19: 0 | AH19: 0 | AI19: 2 | AJ19: 229 | AK19: 0 | AL19: 0 | AM19: 0 | AN19: 4 | AO19: 0 | AP19: 1 | AQ19: 2 | AR19: 0 | AS19: 0 | AT19: 11300 | AU19: 124 | AV19: 2 | AW19: 0 | AX19: 2 | AY19: 4 | AZ19: 1 | BA19: 4 | BB19: 1 | BC19: 11 | BD19: 20 | BE19: 2 | BF19: 0 | BG19: 5 | BH19: 0 | BI19: 12 | BJ19: 0 | BK19: 3 | BL19: 266 | BM19: 10 | BN19: 0 | BO19: 5 | BP19: 1 | BQ19: 0 | BR19: 59 | BS19: 5 | BT19: 0 | BU19: 0 | BV19: 0 | BW19: 62 | BX19: 0 | BY19: 0 | BZ19: 0 | CA19: 0 | CB19: 0 | CC19: 0 | CD19: 0 | CE19: 0 | CF19: 0 | CG19: 0 | CH19: 0 | CI19: 1 | CJ19: 1 | CK19: 11 | CL19: 0 | CM19: 0 | CN19: 0 | CO19: 0 | DI19: =SUM(C19:DH19)-AT19 -> 1369 | DJ19: Holocene
A20: =(($A$8-$A$28)/(($B$8-$B$28)*10))+A19 -> 654 | B20: 1.6 | C20: 0 | D20: 0 | E20: 53 | F20: 1 | G20: 9 | H20: 49 | I20: 0 | J20: 15 | K20: 1 | L20: 17 | M20: 8 | N20: 0 | O20: 0 | P20: 0 | Q20: 0 | R20: 12 | S20: 1 | T20: 94 | U20: 0 | V20: 42 | W20: 2 | X20: 43 | Y20: 0 | Z20: 1 | AA20: 0 | AB20: 0 | AC20: 94 | AD20: 38 | AE20: 2 | AF20: 7 | AG20: 0 | AH20: 0 | AI20: 1 | AJ20: 261 | AK20: 0 | AL20: 0 | AM20: 0 | AN20: 1 | AO20: 1 | AP20: 0 | AQ20: 1 | AR20: 0 | AS20: 0 | AT20: 11300 | AU20: 225 | AV20: 0 | AW20: 0 | AX20: 0 | AY20: 3 | AZ20: 0 | BA20: 1 | BB20: 1 | BC20: 14 | BD20: 21 | BE20: 1 | BF20: 0 | BG20: 5 | BH20: 0 | BI20: 1 | BJ20: 0 | BK20: 3 | BL20: 199 | BM20: 0 | BN20: 1 | BO20: 12 | BP20: 0 | BQ20: 0 | BR20: 49 | BS20: 1 | BT20: 0 | BU20: 1 | BV20: 0 | BW20: 45 | BX20: 0 | BY20: 0 | BZ20: 0 | CA20: 0 | CB20: 0 | CC20: 0 | CD20: 0 | CE20: 0 | CF20: 0 | CG20: 0 | CH20: 0 | CI20: 0 | CJ20: 0 | CK20: 1 | CL20: 0 | CM20: 0 | CN20: 0 | CO20: 0 | DI20: =SUM(C20:DH20)-AT20 -> 1338 | DJ20: Holocene
... A27: =(($A$8-$A$28)/(($B$8-$B$28)*10))+A26 -> 965.5 | B27: 2.3 | C27: 1 | D27: 0 | E27: 239 | F27: 6 | G27: 5 | H27: 39 | I27: 0 | J27: 2 | K27: 0 | L27: 42 | M27: 1 | N27: 0 | O27: 0 | P27: 0 | Q27: 0 | R27: 3 | S27: 3 | T27: 7 | U27: 0 | V27: 141 | W27: 0 | X27: 17 | Y27: 0 | Z27: 0 | AA27: 0 | AB27: 0 | AC27: 219 | AD27: 10 | AE27: 0 | AF27: 9 | AG27: 0 | AH27: 1 | AI27: 2 | AJ27: 236 | AK27: 1 | AL27: 0 | AM27: 0 | AN27: 0 | AO27: 5 | AP27: 1 | AQ27: 0 | AR27: 0 | AS27: 0 | AT27: 11300 | AU27: 107 | AV27: 1 | AW27: 0 | AX27: 0 | AY27: 0 | AZ27: 0 | BA27: 0 | BB27: 2 | BC27: 6 | BD27: 12 | BE27: 0 | BF27: 0 | BG27: 1 | BH27: 3 | BI27: 7 | BJ27: 1 | BK27: 1 | BL27: 143 | BM27: 1 | BN27: 0 | BO27: 0 | BP27: 0 | BQ27: 0 | BR27: 39 | BS27: 23 | BT27: 1 | BU27: 1 | BV27: 0 | BW27: 52 | BX27: 0 | BY27: 0 | BZ27: 0 | CA27: 0 | CB27: 0 | CC27: 0 | CD27: 0 | CE27: 2 | CF27: 0 | CG27: 0 | CH27: 0 | CI27: 6 | CJ27: 6 | CK27: 3 | CL27: 0 | CM27: 0 | CN27: 0 | CO27: 0 | DI27: =SUM(C27:DH27)-AT27 -> 1408 | DJ27: Holocene
A28: 1010 | B28: 2.4 | C28: 1 | D28: 0 | E28: 119 | F28: 4 | G28: 2 | H28: 41 | I28: 0 | J28: 1 | K28: 0 | L28: 114 | M28: 0 | N28: 0 | O28: 0 | P28: 0 | Q28: 0 | R28: 13 | S28: 0 | T28: 0 | U28: 0 | V28: 85 | W28: 3 | X28: 9 | Y28: 0 | Z28: 0 | AA28: 0 | AB28: 0 | AC28: 413 | AD28: 38 | AE28: 0 | AF28: 4 | AG28: 0 | AH28: 9 | AI28: 0 | AJ28: 94 | AK28: 1 | AL28: 0 | AM28: 0 | AN28: 0 | AO28: 0 | AP28: 0 | AQ28: 0 | AR28: 0 | AS28: 0 | AT28: 12077 | AU28: 73 | AV28: 0 | AW28: 0 | AX28: 0 | AY28: 0 | AZ28: 1 | BA28: 0 | BB28: 1 | BC28: 10 | BD28: 12 | BE28: 1 | BF28: 0 | BG28: 0 | BH28: 1 | BI28: 0 | BJ28: 0 | BK28: 0 | BL28: 124 | BM28: 0 | BN28: 0 | BO28: 3 | BP28: 0 | BQ28: 0 | BR28: 40 | BS28: 9 | BT28: 0 | BU28: 1 | BV28: 0 | BW28: 44 | BX28: 0 | BY28: 0 | BZ28: 0 | CA28: 0 | CB28: 0 | CC28: 0 | CD28: 0 | CE28: 1 | CF28: 0 | CG28: 0 | CH28: 0 | CI28: 5 | CJ28: 4 | CK28: 11 | CL28: 0 | CM28: 0 | CN28: 0 | CO28: 0 | DI28: =SUM(C28:DH28)-AT28 -> 1292 | DJ28: Holocene
A29: =(($A$28-$A$48)/(($B$28-$B$48)*10))+A28 -> 1106.5 | B29: 2.5 | C29: 2 | D29: 0 | E29: 379 | F29: 4 | G29: 1 | H29: 20 | I29: 0 | J29: 0 | K29: 0 | L29: 108 | M29: 0 | N29: 0 | O29: 0 | P29: 0 | Q29: 0 | R29: 0 | S29: 0 | T29: 0 | U29: 0 | V29: 57 | W29: 0 | X29: 8 | Y29: 0 | Z29: 0 | AA29: 0 | AB29: 0 | AC29: 346 | AD29: 11 | AE29: 0 | AF29: 6 | AG29: 0 | AH29: 13 | AI29: 0 | AJ29: 26 | AK29: 0 | AL29: 0 | AM29: 0 | AN29: 0 | AO29: 0 | AP29: 0 | AQ29: 0 | AR29: 0 | AS29: 0 | AT29: 11300 | AU29: 68 | AV29: 0 | AW29: 0 | AX29: 0 | AY29: 0 | AZ29: 1 | BA29: 0 | BB29: 1 | BC29: 3 | BD29: 6 | BE29: 0 | BF29: 0 | BG29: 0 | BH29: 1 | BI29: 2 | BJ29: 0 | BK29: 3 | BL29: 94 | BM29: 0 | BN29: 0 | BO29: 0 | BP29: 0 | BQ29: 1 | BR29: 10 | BS29: 5 | BT29: 0 | BU29: 0 | BV29: 0 | BW29: 5 | BX29: 0 | BY29: 0 | BZ29: 0 | CA29: 0 | CB29: 0 | CC29: 0 | CD29: 0 | CE29: 2 | CF29: 0 | CG29: 0 | CH29: 0 | CI29: 9 | CJ29: 0 | CK29: 7 | CL29: 0 | CM29: 0 | CN29: 0 | CO29: 0 | DI29: =SUM(C29:DH29)-AT29 -> 1199 | DJ29: Holocene
A30: =(($A$28-$A$32)/(($B$28-$B$32)*10))+A29 -> 1245.25 | B30: 2.6 | C30: 1 | D30: 0 | E30: 344 | F30: 2 | G30: 0 | H30: 20 | I30: 0 | J30: 2 | K30: 0 | L30: 88 | M30: 0 | N30: 0 | O30: 0 | P30: 0 | Q30: 0 | R30: 0 | S30: 0 | T30: 0 | U30: 0 | V30: 70 | W30: 0 | X30: 4 | Y30: 0 | Z30: 0 | AA30: 1 | AB30: 0 | AC30: 375 | AD30: 13 | AE30: 1 | AF30: 2 | AG30: 0 | AH30: 17 | AI30: 0 | AJ30: 28 | AK30: 0 | AL30: 0 | AM30: 0 | AN30: 0 | AO30: 0 | AP30: 0 | AQ30: 0 | AR30: 0 | AS30: 0 | AT30: 12077 | AU30: 90 | AV30: 0 | AW30: 0 | AX30: 0 | AY30: 0 | AZ30: 0 | BA30: 0 | BB30: 0 | BC30: 1 | BD30: 7 | BE30: 0 | BF30: 0 | BG30: 0 | BH30: 1 | BI30: 2 | BJ30: 0 | BK30: 0 | BL30: 117 | BM30: 0 | BN30: 0 | BO30: 1 | BP30: 0 | BQ30: 0 | BR30: 2 | BS30: 5 | BT30: 0 | BU30: 0 | BV30: 0 | BW30: 1 | BX30: 0 | BY30: 0 | BZ30: 0 | CA30: 0 | CB30: 0 | CC30: 0 | CD30: 2 | CE30: 0 | CF30: 0 | CG30: 0 | CH30: 0 | CI30: 6 | CJ30: 0 | CK30: 0 | CL30: 0 | CM30: 0 | CN30: 0 | CO30: 0 | DI30: =SUM(C30:DH30)-AT30 -> 1203 | DJ30: Holocene
A31: =(($A$28-$A$32)/(($B$28-$B$32)*10))+A30 -> 1384 | B31: 2.7 | C31: 0 | D31: 0 | E31: 312 | F31: 1 | G31: 0 | H31: 31 | I31: 0 | J31: 0 | K31: 0 | L31: 144 | M31: 0 | N31: 0 | O31: 0 | P31: 0 | Q31: 0 | R31: 1 | S31: 0 | T31: 0 | U31: 0 | V31: 89 | W31: 2 | X31: 5 | Y31: 0 | Z31: 0 | AA31: 0 | AB31: 0 | AC31: 393 | AD31: 6 | AE31: 1 | AF31: 5 | AG31: 0 | AH31: 35 | AI31: 1 | AJ31: 36 | AK31: 1 | AL31: 0 | AM31: 0 | AN31: 0 | AO31: 0 | AP31: 0 | AQ31: 0 | AR31: 0 | AS31: 0 | AT31: 11300 | AU31: 96 | AV31: 0 | AW31: 0 | AX31: 0 | AY31: 0 | AZ31: 0 | BA31: 0 | BB31: 0 | BC31: 2 | BD31: 4 | BE31: 0 | BF31: 0 | BG31: 0 | BH31: 0 | BI31: 5 | BJ31: 0 | BK31: 0 | BL31: 193 | BM31: 0 | BN31: 0 | BO31: 0 | BP31: 0 | BQ31: 1 | BR31: 8 | BS31: 7 | BT31: 0 | BU31: 0 | BV31: 0 | BW31: 1 | BX31: 0 | BY31: 0 | BZ31: 0 | CA31: 0 | CB31: 0 | CC31: 0 | CD31: 1 | CE31: 2 | CF31: 0 | CG31: 0 | CH31: 0 | CI31: 4 | CJ31: 0 | CK31: 4 | CL31: 0 | CM31: 0 | CN31: 0 | CO31: 0 | DI31: =SUM(C31:DH31)-AT31 -> 1391 | DJ31: Holocene
A32: 1565 | B32: 2.8 | C32: 1 | D32: 0 | E32: 249 | F32: 0 | G32: 0 | H32: 31 | I32: 0 | J32: 0 | K32: 0 | L32: 90 | M32: 0 | N32: 0 | O32: 0 | P32: 0 | Q32: 0 | R32: 2 | S32: 0 | T32: 0 | U32: 0 | V32: 98 | W32: 1 | X32: 4 | Y32: 0 | Z32: 0 | AA32: 0 | AB32: 0 | AC32: 279 | AD32: 8 | AE32: 1 | AF32: 5 | AG32: 0 | AH32: 28 | AI32: 1 | AJ32: 25 | AK32: 0 | AL32: 0 | AM32: 0 | AN32: 0 | AO32: 0 | AP32: 0 | AQ32: 0 | AR32: 0 | AS32: 0 | AT32: 12077 | AU32: 98 | AV32: 0 | AW32: 0 | AX32: 0 | AY32: 0 | AZ32: 0 | BA32: 0 | BB32: 0 | BC32: 3 | BD32: 8 | BE32: 0 | BF32: 0 | BG32: 0 | BH32: 0 | BI32: 2 | BJ32: 0 | BK32: 0 | BL32: 201 | BM32: 0 | BN32: 0 | BO32: 2 | BP32: 0 | BQ32: 0 | BR32: 1 | BS32: 5 | BT32: 0 | BU32: 0 | BV32: 0 | BW32: 0 | BX32: 0 | BY32: 0 | BZ32: 0 | CA32: 0 | CB32: 0 | CC32: 0 | CD32: 0 | CE32: 1 | CF32: 0 | CG32: 0 | CH32: 0 | CI32: 6 | CJ32: 0 | CK32: 1 | CL32: 0 | CM32: 0 | CN32: 0 | CO32: 0 | DI32: =SUM(C32:DH32)-AT32 -> 1151 | DJ32: Holocene
A33: =(($A$32-$A$48)/(($B$32-$B$48)*10))+A32 -> 1650.9375 | B33: 2.9 | C33: 1 | D33: 0 | E33: 255 | F33: 2 | G33: 0 | H33: 137 | I33: 0 | J33: 0 | K33: 0 | L33: 122 | M33: 0 | N33: 0 | O33: 0 | P33: 0 | Q33: 0 | R33: 0 | S33: 0 | T33: 0 | U33: 0 | V33: 198 | W33: 0 | X33: 6 | Y33: 0 | Z33: 0 | AA33: 0 | AB33: 0 | AC33: 160 | AD33: 2 | AE33: 0 | AF33: 1 | AG33: 1 | AH33: 32 | AI33: 0 | AJ33: 23 | AK33: 0 | AL33: 0 | AM33: 0 | AN33: 1 | AO33: 0 | AP33: 0 | AQ33: 0 | AR33: 0 | AS33: 0 | AT33: 11300 | AU33: 80 | AV33: 0 | AW33: 0 | AX33: 0 | AY33: 0 | AZ33: 1 | BA33: 0 | BB33: 0 | BC33: 11 | BD33: 6 | BE33: 0 | BF33: 0 | BG33: 0 | BH33: 5 | BI33: 1 | BJ33: 2 | BK33: 0 | BL33: 142 | BM33: 0 | BN33: 0 | BO33: 0 | BP33: 0 | BQ33: 0 | BR33: 1 | BS33: 4 | BT33: 0 | BU33: 0 | BV33: 0 | BW33: 1 | BX33: 0 | BY33: 0 | BZ33: 0 | CA33: 0 | CB33: 0 | CC33: 0 | CD33: 0 | CE33: 3 | CF33: 0 | CG33: 0 | CH33: 0 | CI33: 4 | CJ33: 1 | CK33: 0 | CL33: 0 | CM33: 0 | CN33: 0 | CO33: 0 | DI33: =SUM(C33:DH33)-AT33 -> 1203 | DJ33: Holocene
A34: =(($A$32-$A$48)/(($B$32-$B$48)*10))+A33 -> 1736.875 | B34: 3 | C34: 1 | D34: 0 | E34: 215 | F34: 1 | G34: 0 | H34: 392 | I34: 0 | J34: 1 | K34: 0 | L34: 40 | M34: 0 | N34: 0 | O34: 0 | P34: 0 | Q34: 0 | R34: 0 | S34: 2 | T34: 0 | U34: 0 | V34: 153 | W34: 0 | X34: 6 | Y34: 0 | Z34: 0 | AA34: 0 | AB34: 0 | AC34: 123 | AD34: 6 | AE34: 2 | AF34: 5 | AG34: 1 | AH34: 36 | AI34: 0 | AJ34: 37 | AK34: 0 | AL34: 0 | AM34: 0 | AN34: 0 | AO34: 0 | AP34: 0 | AQ34: 0 | AR34: 0 | AS34: 0 | AT34: 12077 | AU34: 70 | AV34: 0 | AW34: 0 | AX34: 0 | AY34: 1 | AZ34: 0 | BA34: 1 | BB34: 0 | BC34: 6 | BD34: 9 | BE34: 0 | BF34: 0 | BG34: 0 | BH34: 1 | BI34: 9 | BJ34: 0 | BK34: 0 | BL34: 129 | BM34: 0 | BN34: 1 | BO34: 1 | BP34: 0 | BQ34: 0 | BR34: 5 | BS34: 6 | BT34: 0 | BU34: 0 | BV34: 0 | BW34: 0 | BX34: 0 | BY34: 0 | BZ34: 0 | CA34: 0 | CB34: 0 | CC34: 0 | CD34: 0 | CE34: 2 | CF34: 0 | CG34: 0 | CH34: 0 | CI34: 3 | CJ34: 0 | CK34: 0 | CL34: 0 | CM34: 0 | CN34: 0 | CO34: 0 | DI34: =SUM(C34:DH34)-AT34 -> 1265 | DJ34: Holocene
A35: =(($A$32-$A$48)/(($B$32-$B$48)*10))+A34 -> 1822.8125 | B35: 3.1 | C35: 1 | D35: 0 | E35: 400 | F35: 2 | G35: 5 | H35: 154 | I35: 0 | J35: 1 | K35: 1 | L35: 49 | M35: 1 | N35: 0 | O35: 0 | P35: 0 | Q35: 0 | R35: 1 | S35: 1 | T35: 5 | U35: 0 | V35: 223 | W35: 1 | X35: 9 | Y35: 0 | Z35: 0 | AA35: 0 | AB35: 0 | AC35: 90 | AD35: 6 | AE35: 0 | AF35: 7 | AG35: 0 | AH35: 21 | AI35: 3 | AJ35: 109 | AK35: 0 | AL35: 0 | AM35: 0 | AN35: 0 | AO35: 1 | AP35: 0 | AQ35: 0 | AR35: 0 | AS35: 0 | AT35: 11300 | AU35: 23 | AV35: 0 | AW35: 0 | AX35: 0 | AY35: 0 | AZ35: 0 | BA35: 0 | BB35: 1 | BC35: 4 | BD35: 39 | BE35: 0 | BF35: 0 | BG35: 0 | BH35: 0 | BI35: 1 | BJ35: 0 | BK35: 0 | BL35: 170 | BM35: 0 | BN35: 0 | BO35: 0 | BP35: 1 | BQ35: 0 | BR35: 16 | BS35: 11 | BT35: 0 | BU35: 2 | BV35: 0 | BW35: 2 | BX35: 0 | BY35: 0 | BZ35: 0 | CA35: 0 | CB35: 0 | CC35: 0 | CD35: 0 | CE35: 6 | CF35: 0 | CG35: 0 | CH35: 0 | CI35: 9 | CJ35: 1 | CK35: 2 | CL35: 0 | CM35: 0 | CN35: 0 | CO35: 0 | DI35: =SUM(C35:DH35)-AT35 -> 1379 | DJ35: Holocene
A36: =(($A$32-$A$48)/(($B$32-$B$48)*10))+A35 -> 1908.75 | B36: 3.2 | C36: 1 | D36: 0 | E36: 256 | F36: 6 | G36: 2 | H36: 44 | I36: 0 | J36: 2 | K36: 0 | L36: 59 | M36: 0 | N36: 0 | O36: 0 | P36: 0 | Q36: 1 | R36: 6 | S36: 1 | T36: 5 | U36: 0 | V36: 99 | W36: 1 | X36: 29 | Y36: 0 | Z36: 0 | AA36: 0 | AB36: 0 | AC36: 118 | AD36: 7 | AE36: 0 | AF36: 10 | AG36: 0 | AH36: 9 | AI36: 4 | AJ36: 285 | AK36: 1 | AL36: 0 | AM36: 0 | AN36: 0 | AO36: 0 | AP36: 0 | AQ36: 0 | AR36: 0 | AS36: 0 | AT36: 12077 | AU36: 42 | AV36: 0 | AW36: 0 | AX36: 0 | AY36: 0 | AZ36: 0 | BA36: 9 | BB36: 2 | BC36: 6 | BD36: 39 | BE36: 2 | BF36: 0 | BG36: 1 | BH36: 0 | BI36: 2 | BJ36: 0 | BK36: 0 | BL36: 135 | BM36: 0 | BN36: 0 | BO36: 3 | BP36: 0 | BQ36: 0 | BR36: 19 | BS36: 3 | BT36: 0 | BU36: 2 | BV36: 2 | BW36: 0 | BX36: 0 | BY36: 0 | BZ36: 0 | CA36: 0 | CB36: 0 | CC36: 0 | CD36: 1 | CE36: 3 | CF36: 0 | CG36: 0 | CH36: 0 | CI36: 5 | CJ36: 3 | CK36: 2 | CL36: 0 | CM36: 0 | CN36: 0 | CO36: 0 | DI36: =SUM(C36:DH36)-AT36 -> 1227 | DJ36: Holocene
A37: =(($A$32-$A$48)/(($B$32-$B$48)*10))+A36 -> 1994.6875 | B37: 3.3 | C37: 3 | D37: 0 | E37: 298 | F37: 5 | G37: 11 | H37: 30 | I37: 0 | J37: 1 | K37: 0 | L37: 24 | M37: 2 | N37: 0 | O37: 1 | P37: 0 | Q37: 0 | R37: 4 | S37: 0 | T37: 10 | U37: 0 | V37: 73 | W37: 2 | X37: 22 | Y37: 0 | Z37: 0 | AA37: 0 | AB37: 0 | AC37: 131 | AD37: 15 | AE37: 0 | AF37: 5 | AG37: 1 | AH37: 13 | AI37: 2 | AJ37: 243 | AK37: 0 | AL37: 0 | AM37: 0 | AN37: 0 | AO37: 0 | AP37: 0 | AQ37: 1 | AR37: 0 | AS37: 0 | AT37: 11300 | AU37: 41 | AV37: 0 | AW37: 0 | AX37: 0 | AY37: 2 | AZ37: 0 | BA37: 6 | BB37: 1 | BC37: 6 | BD37: 44 | BE37: 1 | BF37: 0 | BG37: 0 | BH37: 0 | BI37: 3 | BJ37: 0 | BK37: 2 | BL37: 223 | BM37: 0 | BN37: 0 | BO37: 0 | BP37: 0 | BQ37: 2 | BR37: 58 | BS37: 4 | BT37: 0 | BU37: 1 | BV37: 0 | BW37: 0 | BX37: 0 | BY37: 0 | BZ37: 1 | CA37: 0 | CB37: 0 | CC37: 1 | CD37: 0 | CE37: 6 | CF37: 0 | CG37: 0 | CH37: 0 | CI37: 7 | CJ37: 2 | CK37: 4 | CL37: 0 | CM37: 0 | CN37: 0 | CO37: 0 | DI37: =SUM(C37:DH37)-AT37 -> 1312 | DJ37: Holocene
A38: =(($A$32-$A$48)/(($B$32-$B$48)*10))+A37 -> 2080.625 | B38: 3.4 | C38: 0 | D38: 0 | E38: 279 | F38: 10 | G38: 8 | H38: 26 | I38: 0 | J38: 2 | K38: 0 | L38: 19 | M38: 1 | N38: 0 | O38: 0 | P38: 0 | Q38: 1 | R38: 4 | S38: 3 | T38: 11 | U38: 0 | V38: 86 | W38: 0 | X38: 20 | Y38: 0 | Z38: 0 | AA38: 0 | AB38: 0 | AC38: 129 | AD38: 13 | AE38: 2 | AF38: 8 | AG38: 0 | AH38: 4 | AI38: 2 | AJ38: 160 | AK38: 1 | AL38: 0 | AM38: 0 | AN38: 0 | AO38: 0 | AP38: 0 | AQ38: 0 | AR38: 0 | AS38: 0 | AT38: 12077 | AU38: 51 | AV38: 0 | AW38: 0 | AX38: 0 | AY38: 3 | AZ38: 0 | BA38: 1 | BB38: 2 | BC38: 14 | BD38: 41 | BE38: 3 | BF38: 0 | BG38: 0 | BH38: 0 | BI38: 11 | BJ38: 0 | BK38: 0 | BL38: 174 | BM38: 0 | BN38: 0 | BO38: 3 | BP38: 0 | BQ38: 0 | BR38: 52 | BS38: 4 | BT38: 0 | BU38: 0 | BV38: 1 | BW38: 0 | BX38: 0 | BY38: 0 | BZ38: 0 | CA38: 0 | CB38: 0 | CC38: 0 | CD38: 1 | CE38: 7 | CF38: 0 | CG38: 0 | CH38: 0 | CI38: 8 | CJ38: 1 | CK38: 3 | CL38: 0 | CM38: 0 | CN38: 0 | CO38: 0 | DI38: =SUM(C38:DH38)-AT38 -> 1169 | DJ38: Holocene
A39: =(($A$32-$A$48)/(($B$32-$B$48)*10))+A38 -> 2166.5625 | B39: 3.5 | C39: 3 | D39: 0 | E39: 240 | F39: 7 | G39: 12 | H39: 52 | I39: 0 | J39: 3 | K39: 0 | L39: 14 | M39: 1 | N39: 0 | O39: 0 | P39: 0 | Q39: 1 | R39: 3 | S39: 4 | T39: 7 | U39: 0 | V39: 72 | W39: 1 | X39: 17 | Y39: 0 | Z39: 0 | AA39: 0 | AB39: 0 | AC39: 129 | AD39: 22 | AE39: 0 | AF39: 6 | AG39: 0 | AH39: 10 | AI39: 3 | AJ39: 259 | AK39: 0 | AL39: 0 | AM39: 0 | AN39: 0 | AO39: 1 | AP39: 1 | AQ39: 2 | AR39: 0 | AS39: 0 | AT39: 11300 | AU39: 68 | AV39: 1 | AW39: 0 | AX39: 0 | AY39: 4 | AZ39: 0 | BA39: 4 | BB39: 1 | BC39: 16 | BD39: 89 | BE39: 1 | BF39: 0 | BG39: 0 | BH39: 0 | BI39: 5 | BJ39: 0 | BK39: 4 | BL39: 203 | BM39: 0 | BN39: 2 | BO39: 0 | BP39: 0 | BQ39: 0 | BR39: 77 | BS39: 13 | BT39: 0 | BU39: 0 | BV39: 0 | BW39: 0 | BX39: 0 | BY39: 0 | BZ39: 0 | CA39: 0 | CB39: 0 | CC39: 0 | CD39: 1 | CE39: 4 | CF39: 0 | CG39: 0 | CH39: 0 | CI39: 3 | CJ39: 1 | CK39: 2 | CL39: 0 | CM39: 0 | CN39: 1 | CO39: 0 | DI39: =SUM(C39:DH39)-AT39 -> 1370 | DJ39: Holocene
A40: =(($A$32-$A$48)/(($B$32-$B$48)*10))+A39 -> 2252.5 | B40: 3.6 | C40: 1 | D40: 0 | E40: 213 | F40: 18 | G40: 3 | H40: 95 | I40: 0 | J40: 1 | K40: 0 | L40: 15 | M40: 1 | N40: 0 | O40: 0 | P40: 0 | Q40: 0 | R40: 2 | S40: 1 | T40: 10 | U40: 0 | V40: 146 | W40: 1 | X40: 14 | Y40: 0 | Z40: 0 | AA40: 0 | AB40: 0 | AC40: 124 | AD40: 11 | AE40: 2 | AF40: 4 | AG40: 0 | AH40: 10 | AI40: 1 | AJ40: 259 | AK40: 0 | AL40: 0 | AM40: 0 | AN40: 0 | AO40: 0 | AP40: 0 | AQ40: 1 | AR40: 0 | AS40: 0 | AT40: 12077 | AU40: 44 | AV40: 1 | AW40: 0 | AX40: 0 | AY40: 1 | AZ40: 0 | BA40: 3 | BB40: 1 | BC40: 9 | BD40: 58 | BE40: 3 | BF40: 0 | BG40: 0 | BH40: 0 | BI40: 3 | BJ40: 0 | BK40: 0 | BL40: 207 | BM40: 0 | BN40: 1 | BO40: 4 | BP40: 1 | BQ40: 2 | BR40: 34 | BS40: 14 | BT40: 1 | BU40: 1 | BV40: 0 | BW40: 0 | BX40: 0 | BY40: 0 | BZ40: 0 | CA40: 0 | CB40: 0 | CC40: 0 | CD40: 1 | CE40: 1 | CF40: 0 | CG40: 0 | CH40: 0 | CI40: 3 | CJ40: 3 | CK40: 0 | CL40: 0 | CM40: 0 | CN40: 0 | CO40: 0 | DI40: =SUM(C40:DH40)-AT40 -> 1329 | DJ40: Holocene
A41: =(($A$32-$A$48)/(($B$32-$B$48)*10))+A40 -> 2338.4375 | B41: 3.7 | C41: 2 | D41: 0 | E41: 256 | F41: 14 | G41: 10 | H41: 58 | I41: 0 | J41: 1 | K41: 0 | L41: 13 | M41: 2 | N41: 4 | O41: 0 | P41: 0 | Q41: 0 | R41: 7 | S41: 3 | T41: 14 | U41: 0 | V41: 121 | W41: 1 | X41: 10 | Y41: 0 | Z41: 0 | AA41: 0 | AB41: 0 | AC41: 111 | AD41: 14 | AE41: 0 | AF41: 0 | AG41: 0 | AH41: 3 | AI41: 1 | AJ41: 234 | AK41: 0 | AL41: 0 | AM41: 0 | AN41: 0 | AO41: 0 | AP41: 1 | AQ41: 1 | AR41: 0 | AS41: 0 | AT41: 11300 | AU41: 46 | AV41: 0 | AW41: 0 | AX41: 0 | AY41: 0 | AZ41: 0 | BA41: 7 | BB41: 0 | BC41: 15 | BD41: 40 | BE41: 2 | BF41: 0 | BG41: 1 | BH41: 0 | BI41: 3 | BJ41: 2 | BK41: 1 | BL41: 186 | BM41: 0 | BN41: 0 | BO41: 1 | BP41: 1 | BQ41: 2 | BR41: 53 | BS41: 7 | BT41: 0 | BU41: 0 | BV41: 0 | BW41: 0 | BX41: 0 | BY41: 0 | BZ41: 0 | CA41: 0 | CB41: 0 | CC41: 0 | CD41: 0 | CE41: 1 | CF41: 0 | CG41: 0 | CH41: 0 | CI41: 3 | CJ41: 3 | CK41: 6 | CL41: 0 | CM41: 0 | CN41: 0 | CO41: 0 | DI41: =SUM(C41:DH41)-AT41 -> 1261 | DJ41: Holocene
A42: =(($A$32-$A$48)/(($B$32-$B$48)*10))+A41 -> 2424.375 | B42: 3.8 | C42: 3 | D42: 0 | E42: 233 | F42: 10 | G42: 2 | H42: 76 | I42: 0 | J42: 2 | K42: 0 | L42: 7 | M42: 1 | N42: 0 | O42: 0 | P42: 0 | Q42: 0 | R42: 3 | S42: 2 | T42: 5 | U42: 0 | V42: 153 | W42: 1 | X42: 25 | Y42: 0 | Z42: 0 | AA42: 0 | AB42: 0 | AC42: 144 | AD42: 17 | AE42: 0 | AF42: 8 | AG42: 0 | AH42: 12 | AI42: 1 | AJ42: 254 | AK42: 0 | AL42: 0 | AM42: 0 | AN42: 0 | AO42: 0 | AP42: 0 | AQ42: 1 | AR42: 0 | AS42: 0 | AT42: 12077 | AU42: 83 | AV42: 0 | AW42: 0 | AX42: 0 | AY42: 0 | AZ42: 0 | BA42: 3 | BB42: 1 | BC42: 10 | BD42: 38 | BE42: 0 | BF42: 0 | BG42: 0 | BH42: 1 | BI42: 2 | BJ42: 1 | BK42: 0 | BL42: 197 | BM42: 0 | BN42: 1 | BO42: 6 | BP42: 0 | BQ42: 3 | BR42: 43 | BS42: 3 | BT42: 0 | BU42: 0 | BV42: 0 | BW42: 0 | BX42: 0 | BY42: 0 | BZ42: 0 | CA42: 1 | CB42: 0 | CC42: 0 | CD42: 0 | CE42: 6 | CF42: 0 | CG42: 2 | CH42: 0 | CI42: 10 | CJ42: 3 | CK42: 0 | CL42: 0 | CM42: 1 | CN42: 1 | CO42: 0 | DI42: =SUM(C42:DH42)-AT42 -> 1376 | DJ42: Holocene
A43: =(($A$32-$A$48)/(($B$32-$B$48)*10))+A42 -> 2510.3125 | B43: 3.9 | C43: 0 | D43: 0 | E43: 203 | F43: 6 | G43: 5 | H43: 168 | I43: 0 | J43: 5 | K43: 0 | L43: 23 | M43: 0 | N43: 0 | O43: 0 | P43: 0 | Q43: 0 | R43: 1 | S43: 1 | T43: 7 | U43: 0 | V43: 129 | W43: 2 | X43: 12 | Y43: 0 | Z43: 0 | AA43: 0 | AB43: 0 | AC43: 125 | AD43: 13 | AE43: 4 | AF43: 1 | AG43: 0 | AH43: 7 | AI43: 2 | AJ43: 127 | AK43: 0 | AL43: 0 | AM43: 0 | AN43: 0 | AO43: 1 | AP43: 0 | AQ43: 0 | AR43: 0 | AS43: 0 | AT43: 11300 | AU43: 43 | AV43: 1 | AW43: 0 | AX43: 0 | AY43: 0 | AZ43: 1 | BA43: 0 | BB43: 0 | BC43: 7 | BD43: 35 | BE43: 1 | BF43: 0 | BG43: 1 | BH43: 0 | BI43: 4 | BJ43: 0 | BK43: 1 | BL43: 125 | BM43: 0 | BN43: 0 | BO43: 2 | BP43: 0 | BQ43: 0 | BR43: 14 | BS43: 15 | BT43: 0 | BU43: 0 | BV43: 0 | BW43: 0 | BX43: 0 | BY43: 0 | BZ43: 0 | CA43: 0 | CB43: 0 | CC43: 0 | CD43: 0 | CE43: 4 | CF43: 0 | CG43: 0 | CH43: 0 | CI43: 3 | CJ43: 3 | CK43: 0 | CL43: 1 | CM43: 1 | CN43: 0 | CO43: 0 | DI43: =SUM(C43:DH43)-AT43 -> 1104 | DJ43: Holocene
A44: =(($A$32-$A$48)/(($B$32-$B$48)*10))+A43 -> 2596.25 | B44: 4 | C44: 4 | D44: 0 | E44: 310 | F44: 28 | G44: 4 | H44: 62 | I44: 0 | J44: 0 | K44: 0 | L44: 1 | M44: 0 | N44: 0 | O44: 0 | P44: 0 | Q44: 0 | R44: 8 | S44: 5 | T44: 20 | U44: 0 | V44: 108 | W44: 2 | X44: 23 | Y44: 0 | Z44: 0 | AA44: 0 | AB44: 0 | AC44: 116 | AD44: 23 | AE44: 3 | AF44: 5 | AG44: 0 | AH44: 13 | AI44: 3 | AJ44: 188 | AK44: 0 | AL44: 1 | AM44: 0 | AN44: 0 | AO44: 0 | AP44: 0 | AQ44: 0 | AR44: 0 | AS44: 0 | AT44: 12077 | AU44: 66 | AV44: 0 | AW44: 0 | AX44: 0 | AY44: 1 | AZ44: 1 | BA44: 1 | BB44: 1 | BC44: 13 | BD44: 48 | BE44: 0 | BF44: 0 | BG44: 1 | BH44: 0 | BI44: 4 | BJ44: 0 | BK44: 0 | BL44: 126 | BM44: 0 | BN44: 0 | BO44: 11 | BP44: 1 | BQ44: 1 | BR44: 24 | BS44: 6 | BT44: 0 | BU44: 0 | BV44: 1 | BW44: 0 | BX44: 0 | BY44: 0 | BZ44: 0 | CA44: 0 | CB44: 0 | CC44: 0 | CD44: 0 | CE44: 7 | CF44: 0 | CG44: 0 | CH44: 0 | CI44: 5 | CJ44: 2 | CK44: 1 | CL44: 0 | CM44: 0 | CN44: 0 | CO44: 0 | DI44: =SUM(C44:DH44)-AT44 -> 1248 | DJ44: Holocene
... A47: =(($A$32-$A$48)/(($B$32-$B$48)*10))+A46 -> 2854.0625 | B47: 4.3 | C47: 2 | D47: 0 | E47: 268 | F47: 7 | G47: 3 | H47: 77 | I47: 0 | J47: 0 | K47: 0 | L47: 1 | M47: 0 | N47: 0 | O47: 0 | P47: 0 | Q47: 0 | R47: 2 | S47: 5 | T47: 1 | U47: 0 | V47: 183 | W47: 0 | X47: 10 | Y47: 0 | Z47: 0 | AA47: 0 | AB47: 0 | AC47: 179 | AD47: 26 | AE47: 0 | AF47: 2 | AG47: 4 | AH47: 3 | AI47: 4 | AJ47: 142 | AK47: 0 | AL47: 0 | AM47: 0 | AN47: 0 | AO47: 0 | AP47: 0 | AQ47: 0 | AR47: 0 | AS47: 0 | AT47: 11300 | AU47: 69 | AV47: 0 | AW47: 0 | AX47: 0 | AY47: 0 | AZ47: 0 | BA47: 0 | BB47: 0 | BC47: 6 | BD47: 29 | BE47: 1 | BF47: 0 | BG47: 2 | BH47: 2 | BI47: 0 | BJ47: 0 | BK47: 0 | BL47: 82 | BM47: 0 | BN47: 2 | BO47: 4 | BP47: 0 | BQ47: 4 | BR47: 27 | BS47: 7 | BT47: 0 | BU47: 0 | BV47: 0 | BW47: 0 | BX47: 0 | BY47: 0 | BZ47: 0 | CA47: 0 | CB47: 0 | CC47: 0 | CD47: 0 | CE47: 4 | CF47: 0 | CG47: 0 | CH47: 0 | CI47: 6 | CJ47: 1 | CK47: 0 | CL47: 0 | CM47: 0 | CN47: 0 | CO47: 0 | DI47: =SUM(C47:DH47)-AT47 -> 1165 | DJ47: Holocene
A48: 2940 | B48: 4.4 | C48: 0 | D48: 0 | E48: 354 | F48: 2 | G48: 0 | H48: 75 | I48: 0 | J48: 1 | K48: 0 | L48: 6 | M48: 0 | N48: 0 | O48: 0 | P48: 0 | Q48: 0 | R48: 0 | S48: 0 | T48: 0 | U48: 0 | V48: 100 | W48: 0 | X48: 1 | Y48: 0 | Z48: 0 | AA48: 0 | AB48: 0 | AC48: 520 | AD48: 2 | AE48: 0 | AF48: 1 | AG48: 0 | AH48: 26 | AI48: 0 | AJ48: 3 | AK48: 0 | AL48: 0 | AM48: 0 | AN48: 0 | AO48: 0 | AP48: 0 | AQ48: 0 | AR48: 0 | AS48: 0 | AT48: 12077 | AU48: 36 | AV48: 0 | AW48: 0 | AX48: 0 | AY48: 0 | AZ48: 1 | BA48: 0 | BB48: 1 | BC48: 2 | BD48: 1 | BE48: 0 | BF48: 0 | BG48: 0 | BH48: 2 | BI48: 2 | BJ48: 0 | BK48: 0 | BL48: 134 | BM48: 0 | BN48: 0 | BO48: 2 | BP48: 0 | BQ48: 0 | BR48: 1 | BS48: 2 | BT48: 0 | BU48: 0 | BV48: 0 | BW48: 0 | BX48: 0 | BY48: 0 | BZ48: 0 | CA48: 0 | CB48: 0 | CC48: 1 | CD48: 0 | CE48: 11 | CF48: 0 | CG48: 1 | CH48: 0 | CI48: 11 | CJ48: 0 | CK48: 0 | CL48: 0 | CM48: 0 | CN48: 0 | CO48: 0 | DI48: =SUM(C48:DH48)-AT48 -> 1299 | DJ48: Holocene
A49: =(($A$48-$A$52)/(($B$48-$B$52)*10))+A48 -> 3166.25 | B49: 4.5 | C49: 5 | D49: 0 | E49: 251 | F49: 11 | G49: 2 | H49: 52 | I49: 0 | J49: 0 | K49: 0 | L49: 1 | M49: 0 | N49: 0 | O49: 0 | P49: 0 | Q49: 0 | R49: 1 | S49: 1 | T49: 0 | U49: 0 | V49: 157 | W49: 4 | X49: 3 | Y49: 0 | Z49: 0 | AA49: 0 | AB49: 0 | AC49: 252 | AD49: 3 | AE49: 0 | AF49: 22 | AG49: 0 | AH49: 16 | AI49: 0 | AJ49: 32 | AK49: 0 | AL49: 0 | AM49: 0 | AN49: 0 | AO49: 0 | AP49: 0 | AQ49: 0 | AR49: 0 | AS49: 0 | AT49: 11300 | AU49: 20 | AV49: 2 | AW49: 0 | AX49: 0 | AY49: 0 | AZ49: 0 | BA49: 0 | BB49: 0 | BC49: 3 | BD49: 12 | BE49: 0 | BF49: 0 | BG49: 0 | BH49: 1 | BI49: 5 | BJ49: 0 | BK49: 0 | BL49: 194 | BM49: 0 | BN49: 0 | BO49: 3 | BP49: 2 | BQ49: 2 | BR49: 10 | BS49: 14 | BT49: 0 | BU49: 0 | BV49: 2 | BW49: 0 | BX49: 0 | BY49: 0 | BZ49: 0 | CA49: 0 | CB49: 0 | CC49: 0 | CD49: 0 | CE49: 17 | CF49: 1 | CG49: 0 | CH49: 0 | CI49: 11 | CJ49: 1 | CK49: 1 | CL49: 0 | CM49: 0 | CN49: 0 | CO49: 0 | DI49: =SUM(C49:DH49)-AT49 -> 1114 | DJ49: Holocene
A50: =(($A$48-$A$52)/(($B$48-$B$52)*10))+A49 -> 3392.5 | B50: 4.6 | C50: 3 | D50: 0 | E50: 345 | F50: 1 | G50: 0 | H50: 201 | I50: 0 | J50: 0 | K50: 0 | L50: 1 | M50: 0 | N50: 0 | O50: 0 | P50: 0 | Q50: 0 | R50: 0 | S50: 1 | T50: 1 | U50: 0 | V50: 220 | W50: 0 | X50: 1 | Y50: 0 | Z50: 0 | AA50: 1 | AB50: 0 | AC50: 65 | AD50: 10 | AE50: 0 | AF50: 3 | AG50: 0 | AH50: 22 | AI50: 0 | AJ50: 10 | AK50: 0 | AL50: 0 | AM50: 0 | AN50: 0 | AO50: 0 | AP50: 0 | AQ50: 0 | AR50: 0 | AS50: 0 | AT50: 12077 | AU50: 20 | AV50: 0 | AW50: 0 | AX50: 0 | AY50: 1 | AZ50: 0 | BA50: 0 | BB50: 2 | BC50: 6 | BD50: 4 | BE50: 0 | BF50: 0 | BG50: 0 | BH50: 12 | BI50: 1 | BJ50: 0 | BK50: 0 | BL50: 164 | BM50: 0 | BN50: 0 | BO50: 0 | BP50: 2 | BQ50: 3 | BR50: 0 | BS50: 7 | BT50: 2 | BU50: 0 | BV50: 0 | BW50: 0 | BX50: 0 | BY50: 0 | BZ50: 0 | CA50: 0 | CB50: 0 | CC50: 1 | CD50: 0 | CE50: 7 | CF50: 0 | CG50: 0 | CH50: 0 | CI50: 11 | CJ50: 0 | CK50: 0 | CL50: 0 | CM50: 0 | CN50: 0 | CO50: 0 | DI50: =SUM(C50:DH50)-AT50 -> 1128 | DJ50: Holocene
A51: =(($A$48-$A$52)/(($B$48-$B$52)*10))+A50 -> 3618.75 | B51: 4.7 | C51: 0 | D51: 0 | E51: 361 | F51: 1 | G51: 0 | H51: 56 | I51: 0 | J51: 0 | K51: 0 | L51: 1 | M51: 0 | N51: 0 | O51: 0 | P51: 0 | Q51: 0 | R51: 0 | S51: 0 | T51: 1 | U51: 0 | V51: 288 | W51: 0 | X51: 5 | Y51: 0 | Z51: 0 | AA51: 0 | AB51: 0 | AC51: 60 | AD51: 4 | AE51: 0 | AF51: 3 | AG51: 1 | AH51: 21 | AI51: 1 | AJ51: 48 | AK51: 0 | AL51: 0 | AM51: 0 | AN51: 0 | AO51: 0 | AP51: 0 | AQ51: 0 | AR51: 0 | AS51: 0 | AT51: 11300 | AU51: 42 | AV51: 0 | AW51: 0 | AX51: 0 | AY51: 0 | AZ51: 2 | BA51: 0 | BB51: 0 | BC51: 3 | BD51: 11 | BE51: 0 | BF51: 0 | BG51: 0 | BH51: 0 | BI51: 1 | BJ51: 0 | BK51: 0 | BL51: 162 | BM51: 0 | BN51: 0 | BO51: 0 | BP51: 1 | BQ51: 1 | BR51: 1 | BS51: 14 | BT51: 1 | BU51: 2 | BV51: 1 | BW51: 0 | BX51: 0 | BY51: 0 | BZ51: 0 | CA51: 0 | CB51: 0 | CC51: 0 | CD51: 0 | CE51: 8 | CF51: 0 | CG51: 0 | CH51: 0 | CI51: 8 | CJ51: 5 | CK51: 1 | CL51: 0 | CM51: 0 | CN51: 0 | CO51: 0 | DI51: =SUM(C51:DH51)-AT51 -> 1115 | DJ51: Holocene
A52: 3845 | B52: 4.8 | C52: 0 | D52: 0 | E52: 190 | F52: 0 | G52: 0 | H52: 10 | I52: 0 | J52: 0 | K52: 0 | L52: 1 | M52: 0 | N52: 0 | O52: 0 | P52: 0 | Q52: 0 | R52: 2 | S52: 0 | T52: 0 | U52: 0 | V52: 773 | W52: 0 | X52: 4 | Y52: 0 | Z52: 0 | AA52: 0 | AB52: 0 | AC52: 21 | AD52: 9 | AE52: 1 | AF52: 3 | AG52: 0 | AH52: 24 | AI52: 0 | AJ52: 24 | AK52: 0 | AL52: 0 | AM52: 0 | AN52: 0 | AO52: 0 | AP52: 0 | AQ52: 0 | AR52: 0 | AS52: 0 | AT52: 12077 | AU52: 25 | AV52: 0 | AW52: 0 | AX52: 0 | AY52: 0 | AZ52: 3 | BA52: 0 | BB52: 2 | BC52: 3 | BD52: 9 | BE52: 3 | BF52: 0 | BG52: 0 | BH52: 0 | BI52: 3 | BJ52: 0 | BK52: 0 | BL52: 153 | BM52: 0 | BN52: 0 | BO52: 2 | BP52: 0 | BQ52: 0 | BR52: 0 | BS52: 2 | BT52: 0 | BU52: 0 | BV52: 0 | BW52: 0 | BX52: 0 | BY52: 0 | BZ52: 0 | CA52: 0 | CB52: 0 | CC52: 0 | CD52: 0 | CE52: 43 | CF52: 0 | CG52: 0 | CH52: 1 | CI52: 6 | CJ52: 1 | CK52: 0 | CL52: 0 | CM52: 0 | CN52: 0 | CO52: 2 | DI52: =SUM(C52:DH52)-AT52 -> 1320 | DJ52: Holocene
A53: =(($A$52-$A$59)/(($B$52-$B$59)*10))+A52 -> 4096.4286 | B53: 4.9 | C53: 6 | D53: 0 | E53: 271 | F53: 0 | G53: 0 | H53: 7 | I53: 0 | J53: 0 | K53: 0 | L53: 1 | M53: 1 | N53: 0 | O53: 0 | P53: 0 | Q53: 0 | R53: 0 | S53: 0 | T53: 1 | U53: 0 | V53: 564 | W53: 0 | X53: 0 | Y53: 0 | Z53: 0 | AA53: 0 | AB53: 0 | AC53: 9 | AD53: 4 | AE53: 0 | AF53: 2 | AG53: 0 | AH53: 17 | AI53: 0 | AJ53: 5 | AK53: 0 | AL53: 0 | AM53: 0 | AN53: 0 | AO53: 0 | AP53: 0 | AQ53: 0 | AR53: 0 | AS53: 0 | AT53: 11300 | AU53: 22 | AV53: 0 | AW53: 0 | AX53: 0 | AY53: 0 | AZ53: 0 | BA53: 0 | BB53: 1 | BC53: 4 | BD53: 0 | BE53: 0 | BF53: 0 | BG53: 0 | BH53: 0 | BI53: 0 | BJ53: 0 | BK53: 0 | BL53: 134 | BM53: 0 | BN53: 0 | BO53: 0 | BP53: 0 | BQ53: 1 | BR53: 2 | BS53: 0 | BT53: 0 | BU53: 0 | BV53: 0 | BW53: 0 | BX53: 0 | BY53: 0 | BZ53: 0 | CA53: 0 | CB53: 0 | CC53: 0 | CD53: 0 | CE53: 34 | CF53: 0 | CG53: 0 | CH53: 0 | CI53: 6 | CJ53: 0 | CK53: 0 | CL53: 0 | CM53: 0 | CN53: 0 | CO53: 1 | DI53: =SUM(C53:DH53)-AT53 -> 1093 | DJ53: Holocene
A54: =(($A$52-$A$59)/(($B$52-$B$59)*10))+A53 -> 4347.8571 | B54: 5 | C54: 1 | D54: 0 | E54: 396 | F54: 3 | G54: 0 | H54: 28 | I54: 0 | J54: 0 | K54: 1 | L54: 0 | M54: 0 | N54: 0 | O54: 0 | P54: 0 | Q54: 0 | R54: 0 | S54: 0 | T54: 0 | U54: 0 | V54: 453 | W54: 0 | X54: 2 | Y54: 0 | Z54: 0 | AA54: 0 | AB54: 0 | AC54: 15 | AD54: 2 | AE54: 0 | AF54: 3 | AG54: 0 | AH54: 29 | AI54: 0 | AJ54: 5 | AK54: 1 | AL54: 0 | AM54: 0 | AN54: 0 | AO54: 0 | AP54: 0 | AQ54: 0 | AR54: 0 | AS54: 0 | AT54: 12077 | AU54: 29 | AV54: 0 | AW54: 0 | AX54: 0 | AY54: 2 | AZ54: 0 | BA54: 0 | BB54: 0 | BC54: 2 | BD54: 0 | BE54: 0 | BF54: 0 | BG54: 0 | BH54: 0 | BI54: 0 | BJ54: 0 | BK54: 0 | BL54: 195 | BM54: 3 | BN54: 0 | BO54: 0 | BP54: 0 | BQ54: 2 | BR54: 0 | BS54: 1 | BT54: 0 | BU54: 0 | BV54: 0 | BW54: 0 | BX54: 0 | BY54: 0 | BZ54: 0 | CA54: 0 | CB54: 0 | CC54: 1 | CD54: 0 | CE54: 53 | CF54: 0 | CG54: 0 | CH54: 0 | CI54: 20 | CJ54: 1 | CK54: 0 | CL54: 0 | CM54: 0 | CN54: 0 | CO54: 0 | DI54: =SUM(C54:DH54)-AT54 -> 1248 | DJ54: Holocene
A55: =(($A$52-$A$59)/(($B$52-$B$59)*10))+A54 -> 4599.2857 | B55: 5.1 | C55: 1 | D55: 0 | E55: 279 | F55: 0 | G55: 0 | H55: 52 | I55: 0 | J55: 0 | K55: 1 | L55: 1 | M55: 0 | N55: 0 | O55: 0 | P55: 0 | Q55: 0 | R55: 0 | S55: 0 | T55: 0 | U55: 0 | V55: 411 | W55: 0 | X55: 1 | Y55: 0 | Z55: 0 | AA55: 0 | AB55: 0 | AC55: 17 | AD55: 4 | AE55: 0 | AF55: 1 | AG55: 0 | AH55: 16 | AI55: 0 | AJ55: 5 | AK55: 1 | AL55: 0 | AM55: 0 | AN55: 0 | AO55: 0 | AP55: 0 | AQ55: 0 | AR55: 0 | AS55: 0 | AT55: 11300 | AU55: 32 | AV55: 0 | AW55: 0 | AX55: 0 | AY55: 0 | AZ55: 1 | BA55: 0 | BB55: 0 | BC55: 3 | BD55: 0 | BE55: 0 | BF55: 0 | BG55: 0 | BH55: 0 | BI55: 4 | BJ55: 0 | BK55: 0 | BL55: 213 | BM55: 0 | BN55: 0 | BO55: 1 | BP55: 0 | BQ55: 1 | BR55: 1 | BS55: 4 | BT55: 0 | BU55: 1 | BV55: 0 | BW55: 0 | BX55: 0 | BY55: 0 | BZ55: 0 | CA55: 0 | CB55: 0 | CC55: 0 | CD55: 0 | CE55: 35 | CF55: 0 | CG55: 0 | CH55: 0 | CI55: 11 | CJ55: 0 | CK55: 0 | CL55: 1 | CM55: 0 | CN55: 0 | CO55: 1 | DI55: =SUM(C55:DH55)-AT55 -> 1099 | DJ55: Holocene
A56: =(($A$52-$A$59)/(($B$52-$B$59)*10))+A55 -> 4850.7143 | B56: 5.2 | C56: 0 | D56: 0 | E56: 280 | F56: 1 | G56: 0 | H56: 84 | I56: 0 | J56: 0 | K56: 1 | L56: 0 | M56: 1 | N56: 0 | O56: 0 | P56: 0 | Q56: 0 | R56: 0 | S56: 0 | T56: 0 | U56: 0 | V56: 327 | W56: 0 | X56: 13 | Y56: 0 | Z56: 0 | AA56: 0 | AB56: 0 | AC56: 18 | AD56: 21 | AE56: 0 | AF56: 1 | AG56: 0 | AH56: 16 | AI56: 0 | AJ56: 7 | AK56: 0 | AL56: 1 | AM56: 0 | AN56: 0 | AO56: 0 | AP56: 0 | AQ56: 0 | AR56: 0 | AS56: 0 | AT56: 12077 | AU56: 190 | AV56: 0 | AW56: 0 | AX56: 0 | AY56: 0 | AZ56: 2 | BA56: 0 | BB56: 1 | BC56: 6 | BD56: 1 | BE56: 0 | BF56: 0 | BG56: 0 | BH56: 1 | BI56: 0 | BJ56: 0 | BK56: 0 | BL56: 191 | BM56: 0 | BN56: 0 | BO56: 3 | BP56: 0 | BQ56: 1 | BR56: 1 | BS56: 5 | BT56: 0 | BU56: 0 | BV56: 0 | BW56: 0 | BX56: 0 | BY56: 0 | BZ56: 0 | CA56: 0 | CB56: 0 | CC56: 1 | CD56: 0 | CE56: 31 | CF56: 0 | CG56: 1 | CH56: 0 | CI56: 18 | CJ56: 0 | CK56: 0 | CL56: 0 | CM56: 0 | CN56: 0 | CO56: 0 | DI56: =SUM(C56:DH56)-AT56 -> 1224 | DJ56: Holocene
A57: =(($A$52-$A$59)/(($B$52-$B$59)*10))+A56 -> 5102.1429 | B57: 5.3 | C57: 0 | D57: 0 | E57: 238 | F57: 5 | G57: 1 | H57: 16 | I57: 0 | J57: 0 | K57: 0 | L57: 0 | M57: 0 | N57: 0 | O57: 0 | P57: 0 | Q57: 0 | R57: 1 | S57: 0 | T57: 0 | U57: 0 | V57: 411 | W57: 1 | X57: 14 | Y57: 0 | Z57: 0 | AA57: 0 | AB57: 0 | AC57: 8 | AD57: 14 | AE57: 0 | AF57: 3 | AG57: 0 | AH57: 14 | AI57: 3 | AJ57: 26 | AK57: 1 | AL57: 0 | AM57: 0 | AN57: 1 | AO57: 0 | AP57: 0 | AQ57: 0 | AR57: 0 | AS57: 0 | AT57: 11300 | AU57: 60 | AV57: 0 | AW57: 0 | AX57: 0 | AY57: 0 | AZ57: 0 | BA57: 0 | BB57: 0 | BC57: 11 | BD57: 8 | BE57: 0 | BF57: 0 | BG57: 0 | BH57: 0 | BI57: 4 | BJ57: 0 | BK57: 0 | BL57: 264 | BM57: 0 | BN57: 0 | BO57: 0 | BP57: 0 | BQ57: 0 | BR57: 3 | BS57: 4 | BT57: 0 | BU57: 0 | BV57: 0 | BW57: 0 | BX57: 0 | BY57: 0 | BZ57: 0 | CA57: 0 | CB57: 0 | CC57: 0 | CD57: 0 | CE57: 48 | CF57: 0 | CG57: 0 | CH57: 0 | CI57: 14 | CJ57: 0 | CK57: 0 | CL57: 0 | CM57: 0 | CN57: 0 | CO57: 0 | DI57: =SUM(C57:DH57)-AT57 -> 1173 | DJ57: Holocene
A58: =(($A$52-$A$59)/(($B$52-$B$59)*10))+A57 -> 5353.5714 | B58: 5.4 | C58: 4 | D58: 0 | E58: 142 | F58: 2 | G58: 0 | H58: 6 | I58: 0 | J58: 0 | K58: 0 | L58: 0 | M58: 0 | N58: 0 | O58: 0 | P58: 0 | Q58: 0 | R58: 1 | S58: 0 | T58: 0 | U58: 0 | V58: 596 | W58: 1 | X58: 5 | Y58: 0 | Z58: 0 | AA58: 0 | AB58: 0 | AC58: 3 | AD58: 5 | AE58: 0 | AF58: 3 | AG58: 0 | AH58: 41 | AI58: 0 | AJ58: 16 | AK58: 2 | AL58: 0 | AM58: 0 | AN58: 0 | AO58: 0 | AP58: 0 | AQ58: 0 | AR58: 0 | AS58: 0 | AT58: 12077 | AU58: 35 | AV58: 0 | AW58: 0 | AX58: 0 | AY58: 0 | AZ58: 1 | BA58: 0 | BB58: 1 | BC58: 2 | BD58: 1 | BE58: 0 | BF58: 0 | BG58: 0 | BH58: 2 | BI58: 8 | BJ58: 0 | BK58: 0 | BL58: 216 | BM58: 0 | BN58: 0 | BO58: 3 | BP58: 0 | BQ58: 0 | BR58: 3 | BS58: 1 | BT58: 0 | BU58: 0 | BV58: 0 | BW58: 0 | BX58: 0 | BY58: 0 | BZ58: 0 | CA58: 0 | CB58: 0 | CC58: 0 | CD58: 0 | CE58: 60 | CF58: 0 | CG58: 0 | CH58: 0 | CI58: 30 | CJ58: 1 | CK58: 0 | CL58: 0 | CM58: 0 | CN58: 0 | CO58: 0 | DI58: =SUM(C58:DH58)-AT58 -> 1191 | DJ58: Holocene
A59: 5605 | B59: 5.5 | C59: 6 | D59: 0 | E59: 91 | F59: 1 | G59: 1 | H59: 25 | I59: 0 | J59: 0 | K59: 0 | L59: 1 | M59: 0 | N59: 0 | O59: 0 | P59: 0 | Q59: 0 | R59: 1 | S59: 0 | T59: 0 | U59: 0 | V59: 466 | W59: 2 | X59: 6 | Y59: 0 | Z59: 0 | AA59: 0 | AB59: 0 | AC59: 0 | AD59: 7 | AE59: 0 | AF59: 7 | AG59: 0 | AH59: 60 | AI59: 0 | AJ59: 11 | AK59: 2 | AL59: 0 | AM59: 0 | AN59: 0 | AO59: 0 | AP59: 1 | AQ59: 0 | AR59: 0 | AS59: 0 | AT59: 11300 | AU59: 67 | AV59: 0 | AW59: 0 | AX59: 0 | AY59: 0 | AZ59: 2 | BA59: 5 | BB59: 0 | BC59: 10 | BD59: 0 | BE59: 0 | BF59: 0 | BG59: 0 | BH59: 0 | BI59: 6 | BJ59: 0 | BK59: 0 | BL59: 245 | BM59: 0 | BN59: 2 | BO59: 1 | BP59: 0 | BQ59: 0 | BR59: 1 | BS59: 3 | BT59: 0 | BU59: 0 | BV59: 0 | BW59: 0 | BX59: 0 | BY59: 0 | BZ59: 0 | CA59: 0 | CB59: 0 | CC59: 0 | CD59: 0 | CE59: 99 | CF59: 0 | CG59: 0 | CH59: 0 | CI59: 23 | CJ59: 1 | CK59: 0 | CL59: 0 | CM59: 0 | CN59: 0 | CO59: 0 | DI59: =SUM(C59:DH59)-AT59 -> 1153 | DJ59: Holocene
A60: =(($A$59-$A$64)/(($B$59-$B$64)*10))+A59 -> 5735 | B60: 5.6 | C60: 2 | D60: 0 | E60: 60 | F60: 1 | G60: 0 | H60: 28 | I60: 0 | J60: 0 | K60: 1 | L60: 0 | M60: 0 | N60: 0 | O60: 0 | P60: 0 | Q60: 0 | R60: 2 | S60: 0 | T60: 0 | U60: 0 | V60: 508 | W60: 0 | X60: 13 | Y60: 0 | Z60: 0 | AA60: 0 | AB60: 0 | AC60: 0 | AD60: 29 | AE60: 0 | AF60: 6 | AG60: 0 | AH60: 33 | AI60: 0 | AJ60: 20 | AK60: 4 | AL60: 0 | AM60: 0 | AN60: 0 | AO60: 0 | AP60: 0 | AQ60: 0 | AR60: 0 | AS60: 0 | AT60: 12077 | AU60: 32 | AV60: 1 | AW60: 1 | AX60: 0 | AY60: 0 | AZ60: 1 | BA60: 2 | BB60: 0 | BC60: 6 | BD60: 3 | BE60: 0 | BF60: 0 | BG60: 0 | BH60: 2 | BI60: 0 | BJ60: 0 | BK60: 0 | BL60: 208 | BM60: 0 | BN60: 0 | BO60: 3 | BP60: 0 | BQ60: 1 | BR60: 1 | BS60: 16 | BT60: 0 | BU60: 0 | BV60: 0 | BW60: 0 | BX60: 0 | BY60: 0 | BZ60: 0 | CA60: 0 | CB60: 0 | CC60: 0 | CD60: 0 | CE60: 102 | CF60: 0 | CG60: 1 | CH60: 0 | CI60: 11 | CJ60: 6 | CK60: 0 | CL60: 0 | CM60: 0 | CN60: 0 | CO60: 0 | DI60: =SUM(C60:DH60)-AT60 -> 1104 | DJ60: Holocene
A61: =(($A$59-$A$64)/(($B$59-$B$64)*10))+A60 -> 5865 | B61: 5.7 | C61: 4 | D61: 0 | E61: 61 | F61: 1 | G61: 1 | H61: 30 | I61: 0 | J61: 0 | K61: 0 | L61: 0 | M61: 0 | N61: 0 | O61: 0 | P61: 0 | Q61: 0 | R61: 0 | S61: 0 | T61: 0 | U61: 0 | V61: 453 | W61: 0 | X61: 3 | Y61: 0 | Z61: 0 | AA61: 0 | AB61: 0 | AC61: 0 | AD61: 4 | AE61: 0 | AF61: 34 | AG61: 0 | AH61: 41 | AI61: 0 | AJ61: 13 | AK61: 0 | AL61: 0 | AM61: 0 | AN61: 0 | AO61: 0 | AP61: 0 | AQ61: 0 | AR61: 0 | AS61: 0 | AT61: 11300 | AU61: 58 | AV61: 0 | AW61: 0 | AX61: 0 | AY61: 0 | AZ61: 0 | BA61: 3 | BB61: 0 | BC61: 5 | BD61: 0 | BE61: 1 | BF61: 0 | BG61: 0 | BH61: 0 | BI61: 1 | BJ61: 0 | BK61: 0 | BL61: 273 | BM61: 0 | BN61: 1 | BO61: 2 | BP61: 0 | BQ61: 3 | BR61: 11 | BS61: 9 | BT61: 0 | BU61: 0 | BV61: 0 | BW61: 0 | BX61: 0 | BY61: 0 | BZ61: 0 | CA61: 0 | CB61: 0 | CC61: 0 | CD61: 0 | CE61: 119 | CF61: 0 | CG61: 1 | CH61: 0 | CI61: 20 | CJ61: 0 | CK61: 0 | CL61: 0 | CM61: 0 | CN61: 0 | CO61: 0 | DI61: =SUM(C61:DH61)-AT61 -> 1152 | DJ61: Holocene
A62: =(($A$59-$A$64)/(($B$59-$B$64)*10))+A61 -> 5995 | B62: 5.8 | C62: 0 | D62: 0 | E62: 42 | F62: 2 | G62: 0 | H62: 22 | I62: 0 | J62: 0 | K62: 0 | L62: 0 | M62: 1 | N62: 0 | O62: 0 | P62: 0 | Q62: 0 | R62: 0 | S62: 0 | T62: 0 | U62: 0 | V62: 528 | W62: 0 | X62: 9 | Y62: 0 | Z62: 0 | AA62: 0 | AB62: 0 | AC62: 0 | AD62: 0 | AE62: 0 | AF62: 2 | AG62: 0 | AH62: 57 | AI62: 0 | AJ62: 15 | AK62: 0 | AL62: 0 | AM62: 0 | AN62: 0 | AO62: 0 | AP62: 0 | AQ62: 0 | AR62: 0 | AS62: 0 | AT62: 12077 | AU62: 87 | AV62: 0 | AW62: 0 | AX62: 0 | AY62: 0 | AZ62: 2 | BA62: 0 | BB62: 0 | BC62: 13 | BD62: 2 | BE62: 0 | BF62: 0 | BG62: 0 | BH62: 4 | BI62: 3 | BJ62: 0 | BK62: 0 | BL62: 214 | BM62: 0 | BN62: 0 | BO62: 1 | BP62: 0 | BQ62: 2 | BR62: 1 | BS62: 2 | BT62: 0 | BU62: 0 | BV62: 0 | BW62: 0 | BX62: 0 | BY62: 0 | BZ62: 0 | CA62: 0 | CB62: 1 | CC62: 1 | CD62: 0 | CE62: 77 | CF62: 0 | CG62: 0 | CH62: 0 | CI62: 17 | CJ62: 0 | CK62: 0 | CL62: 0 | CM62: 0 | CN62: 0 | CO62: 1 | DI62: =SUM(C62:DH62)-AT62 -> 1106 | DJ62: Holocene
A63: =(($A$59-$A$64)/(($B$59-$B$64)*10))+A62 -> 6125 | B63: 5.9 | C63: 0 | D63: 0 | E63: 46 | F63: 4 | G63: 0 | H63: 9 | I63: 0 | J63: 0 | K63: 0 | L63: 0 | M63: 1 | N63: 0 | O63: 0 | P63: 0 | Q63: 0 | R63: 0 | S63: 0 | T63: 0 | U63: 0 | V63: 709 | W63: 1 | X63: 2 | Y63: 0 | Z63: 0 | AA63: 0 | AB63: 0 | AC63: 1 | AD63: 7 | AE63: 1 | AF63: 2 | AG63: 0 | AH63: 22 | AI63: 0 | AJ63: 29 | AK63: 1 | AL63: 0 | AM63: 0 | AN63: 0 | AO63: 0 | AP63: 0 | AQ63: 0 | AR63: 0 | AS63: 0 | AT63: 11300 | AU63: 61 | AV63: 0 | AW63: 0 | AX63: 0 | AY63: 0 | AZ63: 1 | BA63: 0 | BB63: 0 | BC63: 6 | BD63: 0 | BE63: 1 | BF63: 0 | BG63: 0 | BH63: 0 | BI63: 2 | BJ63: 0 | BK63: 0 | BL63: 132 | BM63: 0 | BN63: 1 | BO63: 0 | BP63: 0 | BQ63: 3 | BR63: 2 | BS63: 8 | BT63: 0 | BU63: 0 | BV63: 0 | BW63: 0 | BX63: 0 | BY63: 0 | BZ63: 0 | CA63: 0 | CB63: 0 | CC63: 0 | CD63: 0 | CE63: 94 | CF63: 1 | CG63: 1 | CH63: 0 | CI63: 12 | CJ63: 0 | CK63: 0 | CL63: 0 | CM63: 0 | CN63: 0 | CO63: 0 | DI63: =SUM(C63:DH63)-AT63 -> 1160 | DJ63: Holocene
A64: 6255 | B64: 6 | C64: 2 | D64: 0 | E64: 44 | F64: 0 | G64: 1 | H64: 11 | I64: 0 | J64: 0 | K64: 0 | L64: 0 | M64: 1 | N64: 0 | O64: 0 | P64: 0 | Q64: 0 | R64: 0 | S64: 0 | T64: 0 | U64: 0 | V64: 440 | W64: 0 | X64: 5 | Y64: 0 | Z64: 0 | AA64: 0 | AB64: 0 | AC64: 0 | AD64: 6 | AE64: 1 | AF64: 1 | AG64: 0 | AH64: 63 | AI64: 2 | AJ64: 8 | AK64: 4 | AL64: 0 | AM64: 0 | AN64: 0 | AO64: 0 | AP64: 0 | AQ64: 0 | AR64: 0 | AS64: 0 | AT64: 12077 | AU64: 47 | AV64: 0 | AW64: 0 | AX64: 0 | AY64: 0 | AZ64: 0 | BA64: 0 | BB64: 1 | BC64: 9 | BD64: 0 | BE64: 0 | BF64: 0 | BG64: 0 | BH64: 1 | BI64: 5 | BJ64: 0 | BK64: 0 | BL64: 199 | BM64: 0 | BN64: 0 | BO64: 0 | BP64: 0 | BQ64: 0 | BR64: 1 | BS64: 0 | BT64: 0 | BU64: 0 | BV64: 0 | BW64: 0 | BX64: 0 | BY64: 0 | BZ64: 0 | CA64: 0 | CB64: 0 | CC64: 3 | CD64: 0 | CE64: 100 | CF64: 0 | CG64: 0 | CH64: 0 | CI64: 52 | CJ64: 0 | CK64: 0 | CL64: 0 | CM64: 0 | CN64: 0 | CO64: 0 | DI64: =SUM(C64:DH64)-AT64 -> 1007 | DJ64: Holocene
A65: =(($A$64-$A$70)/(($B$64-$B$70)*10))+A64 -> 6447.5 | B65: 6.1 | C65: 1 | D65: 3 | E65: 52 | F65: 1 | G65: 1 | H65: 29 | I65: 0 | J65: 0 | K65: 0 | L65: 1 | M65: 0 | N65: 0 | O65: 0 | P65: 0 | Q65: 0 | R65: 0 | S65: 1 | T65: 0 | U65: 0 | V65: 416 | W65: 2 | X65: 4 | Y65: 0 | Z65: 0 | AA65: 0 | AB65: 0 | AC65: 0 | AD65: 6 | AE65: 2 | AF65: 3 | AG65: 0 | AH65: 145 | AI65: 0 | AJ65: 14 | AK65: 2 | AL65: 0 | AM65: 0 | AN65: 0 | AO65: 3 | AP65: 0 | AQ65: 0 | AR65: 0 | AS65: 0 | AT65: 11300 | AU65: 60 | AV65: 0 | AW65: 0 | AX65: 0 | AY65: 0 | AZ65: 6 | BA65: 0 | BB65: 0 | BC65: 9 | BD65: 0 | BE65: 0 | BF65: 0 | BG65: 0 | BH65: 0 | BI65: 5 | BJ65: 0 | BK65: 0 | BL65: 222 | BM65: 0 | BN65: 2 | BO65: 1 | BP65: 0 | BQ65: 1 | BR65: 4 | BS65: 1 | BT65: 1 | BU65: 1 | BV65: 0 | BW65: 0 | BX65: 0 | BY65: 0 | BZ65: 0 | CA65: 0 | CB65: 0 | CC65: 0 | CD65: 0 | CE65: 145 | CF65: 0 | CG65: 0 | CH65: 0 | CI65: 105 | CJ65: 0 | CK65: 1 | CL65: 0 | CM65: 0 | CN65: 0 | CO65: 2 | DI65: =SUM(C65:DH65)-AT65 -> 1252 | DJ65: Holocene
A66: =(($A$64-$A$70)/(($B$64-$B$70)*10))+A65 -> 6640 | B66: 6.2 | C66: 2 | D66: 0 | E66: 37 | F66: 2 | G66: 2 | H66: 13 | I66: 0 | J66: 0 | K66: 0 | L66: 0 | M66: 1 | N66: 0 | O66: 0 | P66: 0 | Q66: 0 | R66: 0 | S66: 0 | T66: 0 | U66: 0 | V66: 421 | W66: 0 | X66: 6 | Y66: 0 | Z66: 0 | AA66: 0 | AB66: 0 | AC66: 0 | AD66: 9 | AE66: 1 | AF66: 1 | AG66: 0 | AH66: 114 | AI66: 1 | AJ66: 11 | AK66: 3 | AL66: 0 | AM66: 0 | AN66: 0 | AO66: 0 | AP66: 0 | AQ66: 0 | AR66: 0 | AS66: 0 | AT66: 12077 | AU66: 45 | AV66: 0 | AW66: 0 | AX66: 0 | AY66: 0 | AZ66: 2 | BA66: 0 | BB66: 1 | BC66: 8 | BD66: 0 | BE66: 0 | BF66: 0 | BG66: 0 | BH66: 0 | BI66: 0 | BJ66: 0 | BK66: 0 | BL66: 212 | BM66: 0 | BN66: 0 | BO66: 0 | BP66: 0 | BQ66: 0 | BR66: 1 | BS66: 2 | BT66: 0 | BU66: 0 | BV66: 0 | BW66: 0 | BX66: 0 | BY66: 0 | BZ66: 0 | CA66: 0 | CB66: 0 | CC66: 0 | CD66: 1 | CE66: 137 | CF66: 0 | CG66: 0 | CH66: 2 | CI66: 113 | CJ66: 0 | CK66: 0 | CL66: 0 | CM66: 1 | CN66: 0 | CO66: 0 | DI66: =SUM(C66:DH66)-AT66 -> 1149 | DJ66: Holocene
A67: =(($A$64-$A$70)/(($B$64-$B$70)*10))+A66 -> 6832.5 | B67: 6.3 | C67: 1 | D67: 0 | E67: 26 | F67: 0 | G67: 1 | H67: 13 | I67: 0 | J67: 0 | K67: 0 | L67: 1 | M67: 0 | N67: 0 | O67: 0 | P67: 0 | Q67: 0 | R67: 0 | S67: 0 | T67: 0 | U67: 0 | V67: 503 | W67: 0 | X67: 1 | Y67: 0 | Z67: 0 | AA67: 0 | AB67: 0 | AC67: 0 | AD67: 3 | AE67: 0 | AF67: 2 | AG67: 0 | AH67: 112 | AI67: 0 | AJ67: 18 | AK67: 6 | AL67: 0 | AM67: 0 | AN67: 0 | AO67: 1 | AP67: 0 | AQ67: 0 | AR67: 0 | AS67: 0 | AT67: 11300 | AU67: 34 | AV67: 0 | AW67: 0 | AX67: 0 | AY67: 0 | AZ67: 3 | BA67: 0 | BB67: 0 | BC67: 9 | BD67: 0 | BE67: 0 | BF67: 0 | BG67: 0 | BH67: 0 | BI67: 5 | BJ67: 0 | BK67: 0 | BL67: 197 | BM67: 0 | BN67: 0 | BO67: 0 | BP67: 0 | BQ67: 1 | BR67: 0 | BS67: 5 | BT67: 0 | BU67: 0 | BV67: 0 | BW67: 0 | BX67: 0 | BY67: 0 | BZ67: 0 | CA67: 0 | CB67: 0 | CC67: 0 | CD67: 0 | CE67: 117 | CF67: 0 | CG67: 0 | CH67: 0 | CI67: 87 | CJ67: 0 | CK67: 0 | CL67: 0 | CM67: 0 | CN67: 0 | CO67: 1 | DI67: =SUM(C67:DH67)-AT67 -> 1147 | DJ67: Holocene
A68: =(($A$64-$A$70)/(($B$64-$B$70)*10))+A67 -> 7025 | B68: 6.4 | C68: 2 | D68: 0 | E68: 27 | F68: 2 | G68: 0 | H68: 13 | I68: 0 | J68: 0 | K68: 0 | L68: 0 | M68: 0 | N68: 0 | O68: 0 | P68: 0 | Q68: 0 | R68: 0 | S68: 0 | T68: 0 | U68: 0 | V68: 412 | W68: 0 | X68: 5 | Y68: 0 | Z68: 1 | AA68: 0 | AB68: 0 | AC68: 1 | AD68: 4 | AE68: 1 | AF68: 1 | AG68: 0 | AH68: 79 | AI68: 0 | AJ68: 5 | AK68: 5 | AL68: 0 | AM68: 0 | AN68: 0 | AO68: 0 | AP68: 0 | AQ68: 0 | AR68: 0 | AS68: 0 | AT68: 12077 | AU68: 23 | AV68: 0 | AW68: 0 | AX68: 0 | AY68: 0 | AZ68: 1 | BA68: 0 | BB68: 0 | BC68: 10 | BD68: 0 | BE68: 0 | BF68: 0 | BG68: 0 | BH68: 0 | BI68: 1 | BJ68: 0 | BK68: 0 | BL68: 161 | BM68: 0 | BN68: 0 | BO68: 1 | BP68: 0 | BQ68: 0 | BR68: 0 | BS68: 4 | BT68: 1 | BU68: 0 | BV68: 0 | BW68: 0 | BX68: 0 | BY68: 0 | BZ68: 0 | CA68: 0 | CB68: 0 | CC68: 0 | CD68: 0 | CE68: 70 | CF68: 0 | CG68: 0 | CH68: 1 | CI68: 187 | CJ68: 0 | CK68: 0 | CL68: 0 | CM68: 0 | CN68: 0 | CO68: 0 | DI68: =SUM(C68:DH68)-AT68 -> 1018 | DJ68: Holocene
A69: =(($A$64-$A$70)/(($B$64-$B$70)*10))+A68 -> 7217.5 | B69: 6.5 | C69: 0 | D69: 0 | E69: 27 | F69: 4 | G69: 1 | H69: 25 | I69: 0 | J69: 0 | K69: 0 | L69: 0 | M69: 0 | N69: 0 | O69: 0 | P69: 0 | Q69: 0 | R69: 0 | S69: 0 | T69: 0 | U69: 0 | V69: 520 | W69: 0 | X69: 2 | Y69: 0 | Z69: 0 | AA69: 0 | AB69: 0 | AC69: 1 | AD69: 2 | AE69: 0 | AF69: 1 | AG69: 0 | AH69: 103 | AI69: 0 | AJ69: 12 | AK69: 1 | AL69: 0 | AM69: 0 | AN69: 0 | AO69: 0 | AP69: 0 | AQ69: 0 | AR69: 0 | AS69: 0 | AT69: 11300 | AU69: 44 | AV69: 0 | AW69: 0 | AX69: 0 | AY69: 0 | AZ69: 0 | BA69: 0 | BB69: 0 | BC69: 8 | BD69: 0 | BE69: 0 | BF69: 0 | BG69: 0 | BH69: 0 | BI69: 3 | BJ69: 0 | BK69: 0 | BL69: 167 | BM69: 0 | BN69: 0 | BO69: 1 | BP69: 0 | BQ69: 0 | BR69: 0 | BS69: 0 | BT69: 1 | BU69: 0 | BV69: 0 | BW69: 0 | BX69: 0 | BY69: 0 | BZ69: 0 | CA69: 0 | CB69: 0 | CC69: 0 | CD69: 0 | CE69: 102 | CF69: 0 | CG69: 0 | CH69: 0 | CI69: 128 | CJ69: 0 | CK69: 1 | CL69: 0 | CM69: 0 | CN69: 0 | CO69: 0 | DI69: =SUM(C69:DH69)-AT69 -> 1154 | DJ69: Holocene
A70: 7410 | B70: 6.6 | C70: 2 | D70: 0 | E70: 38 | F70: 0 | G70: 0 | H70: 17 | I70: 0 | J70: 0 | K70: 0 | L70: 0 | M70: 0 | N70: 0 | O70: 0 | P70: 0 | Q70: 0 | R70: 0 | S70: 0 | T70: 0 | U70: 0 | V70: 298 | W70: 0 | X70: 11 | Y70: 0 | Z70: 0 | AA70: 0 | AB70: 0 | AC70: 0 | AD70: 5 | AE70: 0 | AF70: 0 | AG70: 0 | AH70: 183 | AI70: 0 | AJ70: 11 | AK70: 3 | AL70: 0 | AM70: 0 | AN70: 0 | AO70: 0 | AP70: 0 | AQ70: 0 | AR70: 0 | AS70: 0 | AT70: 12077 | AU70: 30 | AV70: 0 | AW70: 0 | AX70: 0 | AY70: 0 | AZ70: 3 | BA70: 0 | BB70: 0 | BC70: 9 | BD70: 0 | BE70: 0 | BF70: 0 | BG70: 0 | BH70: 0 | BI70: 1 | BJ70: 0 | BK70: 0 | BL70: 204 | BM70: 0 | BN70: 0 | BO70: 0 | BP70: 0 | BQ70: 1 | BR70: 1 | BS70: 3 | BT70: 0 | BU70: 0 | BV70: 0 | BW70: 0 | BX70: 0 | BY70: 0 | BZ70: 0 | CA70: 0 | CB70: 0 | CC70: 0 | CD70: 0 | CE70: 143 | CF70: 0 | CG70: 0 | CH70: 0 | CI70: 163 | CJ70: 0 | CK70: 0 | CL70: 0 | CM70: 0 | CN70: 0 | CO70: 0 | DI70: =SUM(C70:DH70)-AT70 -> 1126 | DJ70: Holocene
A71: =(($A$70-$A$77)/(($B$70-$B$77)*10))+A70 -> 7573.5714 | B71: 6.7 | C71: 0 | D71: 0 | E71: 14 | F71: 0 | G71: 0 | H71: 18 | I71: 0 | J71: 0 | K71: 0 | L71: 1 | M71: 0 | N71: 0 | O71: 0 | P71: 0 | Q71: 0 | R71: 0 | S71: 0 | T71: 0 | U71: 0 | V71: 562 | W71: 0 | X71: 3 | Y71: 0 | Z71: 0 | AA71: 0 | AB71: 0 | AC71: 0 | AD71: 2 | AE71: 1 | AF71: 2 | AG71: 0 | AH71: 68 | AI71: 0 | AJ71: 21 | AK71: 4 | AL71: 0 | AM71: 0 | AN71: 0 | AO71: 0 | AP71: 0 | AQ71: 0 | AR71: 1 | AS71: 0 | AT71: 11300 | AU71: 22 | AV71: 0 | AW71: 0 | AX71: 0 | AY71: 0 | AZ71: 0 | BA71: 0 | BB71: 0 | BC71: 22 | BD71: 0 | BE71: 0 | BF71: 0 | BG71: 0 | BH71: 0 | BI71: 0 | BJ71: 0 | BK71: 0 | BL71: 153 | BM71: 0 | BN71: 0 | BO71: 0 | BP71: 0 | BQ71: 2 | BR71: 5 | BS71: 1 | BT71: 1 | BU71: 0 | BV71: 0 | BW71: 0 | BX71: 0 | BY71: 0 | BZ71: 0 | CA71: 0 | CB71: 0 | CC71: 0 | CD71: 0 | CE71: 121 | CF71: 0 | CG71: 0 | CH71: 0 | CI71: 124 | CJ71: 0 | CK71: 0 | CL71: 0 | CM71: 0 | CN71: 0 | CO71: 1 | DI71: =SUM(C71:DH71)-AT71 -> 1149 | DJ71: Holocene
A72: =(($A$70-$A$77)/(($B$70-$B$77)*10))+A71 -> 7737.1429 | B72: 6.8 | C72: 1 | D72: 0 | E72: 25 | F72: 0 | G72: 1 | H72: 12 | I72: 0 | J72: 0 | K72: 0 | L72: 0 | M72: 0 | N72: 0 | O72: 0 | P72: 0 | Q72: 0 | R72: 0 | S72: 0 | T72: 0 | U72: 0 | V72: 601 | W72: 0 | X72: 5 | Y72: 0 | Z72: 0 | AA72: 0 | AB72: 0 | AC72: 0 | AD72: 12 | AE72: 0 | AF72: 3 | AG72: 0 | AH72: 122 | AI72: 1 | AJ72: 8 | AK72: 3 | AL72: 0 | AM72: 0 | AN72: 0 | AO72: 0 | AP72: 0 | AQ72: 0 | AR72: 0 | AS72: 0 | AT72: 12077 | AU72: 49 | AV72: 0 | AW72: 0 | AX72: 0 | AY72: 1 | AZ72: 1 | BA72: 0 | BB72: 0 | BC72: 14 | BD72: 0 | BE72: 0 | BF72: 0 | BG72: 0 | BH72: 1 | BI72: 1 | BJ72: 0 | BK72: 0 | BL72: 172 | BM72: 0 | BN72: 0 | BO72: 0 | BP72: 0 | BQ72: 2 | BR72: 0 | BS72: 3 | BT72: 0 | BU72: 0 | BV72: 0 | BW72: 0 | BX72: 0 | BY72: 0 | BZ72: 0 | CA72: 0 | CB72: 0 | CC72: 0 | CD72: 0 | CE72: 69 | CF72: 0 | CG72: 0 | CH72: 0 | CI72: 159 | CJ72: 0 | CK72: 0 | CL72: 0 | CM72: 0 | CN72: 0 | CO72: 0 | DI72: =SUM(C72:DH72)-AT72 -> 1266 | DJ72: Holocene
A73: =(($A$70-$A$77)/(($B$70-$B$77)*10))+A72 -> 7900.7143 | B73: 6.9 | C73: 0 | D73: 0 | E73: 14 | F73: 1 | G73: 0 | H73: 14 | I73: 0 | J73: 0 | K73: 0 | L73: 0 | M73: 0 | N73: 0 | O73: 0 | P73: 0 | Q73: 0 | R73: 0 | S73: 0 | T73: 0 | U73: 0 | V73: 596 | W73: 0 | X73: 14 | Y73: 0 | Z73: 0 | AA73: 0 | AB73: 0 | AC73: 1 | AD73: 4 | AE73: 0 | AF73: 3 | AG73: 0 | AH73: 82 | AI73: 0 | AJ73: 10 | AK73: 6 | AL73: 0 | AM73: 0 | AN73: 0 | AO73: 0 | AP73: 0 | AQ73: 0 | AR73: 0 | AS73: 0 | AT73: 11300 | AU73: 53 | AV73: 0 | AW73: 0 | AX73: 0 | AY73: 0 | AZ73: 0 | BA73: 0 | BB73: 0 | BC73: 12 | BD73: 0 | BE73: 0 | BF73: 0 | BG73: 0 | BH73: 0 | BI73: 3 | BJ73: 0 | BK73: 0 | BL73: 144 | BM73: 0 | BN73: 0 | BO73: 0 | BP73: 0 | BQ73: 4 | BR73: 1 | BS73: 1 | BT73: 1 | BU73: 0 | BV73: 0 | BW73: 0 | BX73: 0 | BY73: 0 | BZ73: 0 | CA73: 0 | CB73: 0 | CC73: 0 | CD73: 0 | CE73: 78 | CF73: 0 | CG73: 0 | CH73: 0 | CI73: 139 | CJ73: 1 | CK73: 0 | CL73: 0 | CM73: 0 | CN73: 0 | CO73: 1 | DI73: =SUM(C73:DH73)-AT73 -> 1183 | DJ73: Holocene
A74: =(($A$70-$A$77)/(($B$70-$B$77)*10))+A73 -> 8064.2857 | B74: 7 | C74: 3 | D74: 0 | E74: 25 | F74: 0 | G74: 0 | H74: 26 | I74: 0 | J74: 0 | K74: 0 | L74: 0 | M74: 0 | N74: 0 | O74: 0 | P74: 0 | Q74: 0 | R74: 0 | S74: 0 | T74: 0 | U74: 0 | V74: 467 | W74: 0 | X74: 9 | Y74: 0 | Z74: 1 | AA74: 0 | AB74: 0 | AC74: 0 | AD74: 3 | AE74: 0 | AF74: 0 | AG74: 0 | AH74: 88 | AI74: 0 | AJ74: 6 | AK74: 6 | AL74: 0 | AM74: 0 | AN74: 0 | AO74: 0 | AP74: 0 | AQ74: 0 | AR74: 0 | AS74: 0 | AT74: 12077 | AU74: 25 | AV74: 0 | AW74: 0 | AX74: 0 | AY74: 0 | AZ74: 3 | BA74: 0 | BB74: 1 | BC74: 16 | BD74: 0 | BE74: 0 | BF74: 0 | BG74: 0 | BH74: 0 | BI74: 5 | BJ74: 0 | BK74: 0 | BL74: 128 | BM74: 0 | BN74: 0 | BO74: 1 | BP74: 0 | BQ74: 1 | BR74: 0 | BS74: 1 | BT74: 0 | BU74: 0 | BV74: 0 | BW74: 0 | BX74: 0 | BY74: 0 | BZ74: 0 | CA74: 0 | CB74: 0 | CC74: 0 | CD74: 0 | CE74: 65 | CF74: 0 | CG74: 0 | CH74: 0 | CI74: 147 | CJ74: 0 | CK74: 0 | CL74: 0 | CM74: 0 | CN74: 0 | CO74: 2 | DI74: =SUM(C74:DH74)-AT74 -> 1029 | DJ74: Holocene
A75: =(($A$70-$A$77)/(($B$70-$B$77)*10))+A74 -> 8227.8571 | B75: 7.1 | C75: 0 | D75: 0 | E75: 19 | F75: 0 | G75: 0 | H75: 23 | I75: 0 | J75: 0 | K75: 0 | L75: 0 | M75: 0 | N75: 0 | O75: 0 | P75: 0 | Q75: 0 | R75: 0 | S75: 0 | T75: 0 | U75: 0 | V75: 474 | W75: 1 | X75: 11 | Y75: 0 | Z75: 0 | AA75: 0 | AB75: 0 | AC75: 1 | AD75: 2 | AE75: 0 | AF75: 1 | AG75: 0 | AH75: 86 | AI75: 0 | AJ75: 16 | AK75: 4 | AL75: 0 | AM75: 0 | AN75: 0 | AO75: 0 | AP75: 0 | AQ75: 0 | AR75: 0 | AS75: 0 | AT75: 11300 | AU75: 37 | AV75: 0 | AW75: 0 | AX75: 0 | AY75: 0 | AZ75: 3 | BA75: 0 | BB75: 0 | BC75: 19 | BD75: 0 | BE75: 1 | BF75: 0 | BG75: 0 | BH75: 0 | BI75: 2 | BJ75: 0 | BK75: 1 | BL75: 192 | BM75: 0 | BN75: 1 | BO75: 1 | BP75: 0 | BQ75: 2 | BR75: 2 | BS75: 0 | BT75: 0 | BU75: 0 | BV75: 0 | BW75: 0 | BX75: 0 | BY75: 0 | BZ75: 0 | CA75: 0 | CB75: 0 | CC75: 0 | CD75: 0 | CE75: 77 | CF75: 0 | CG75: 0 | CH75: 0 | CI75: 269 | CJ75: 0 | CK75: 0 | CL75: 0 | CM75: 0 | CN75: 0 | CO75: 0 | DI75: =SUM(C75:DH75)-AT75 -> 1245 | DJ75: Holocene
A76: =(($A$70-$A$77)/(($B$70-$B$77)*10))+A75 -> 8391.4286 | B76: 7.2 | C76: 0 | D76: 0 | E76: 12 | F76: 0 | G76: 0 | H76: 31 | I76: 0 | J76: 0 | K76: 0 | L76: 0 | M76: 1 | N76: 0 | O76: 0 | P76: 0 | Q76: 0 | R76: 0 | S76: 0 | T76: 0 | U76: 0 | V76: 581 | W76: 0 | X76: 15 | Y76: 0 | Z76: 0 | AA76: 0 | AB76: 0 | AC76: 0 | AD76: 2 | AE76: 0 | AF76: 2 | AG76: 0 | AH76: 12 | AI76: 0 | AJ76: 10 | AK76: 2 | AL76: 0 | AM76: 0 | AN76: 0 | AO76: 0 | AP76: 0 | AQ76: 0 | AR76: 0 | AS76: 0 | AT76: 12077 | AU76: 36 | AV76: 0 | AW76: 0 | AX76: 0 | AY76: 0 | AZ76: 2 | BA76: 0 | BB76: 0 | BC76: 26 | BD76: 0 | BE76: 0 | BF76: 0 | BG76: 0 | BH76: 0 | BI76: 1 | BJ76: 0 | BK76: 0 | BL76: 172 | BM76: 0 | BN76: 0 | BO76: 0 | BP76: 0 | BQ76: 2 | BR76: 0 | BS76: 3 | BT76: 0 | BU76: 0 | BV76: 0 | BW76: 0 | BX76: 0 | BY76: 0 | BZ76: 0 | CA76: 0 | CB76: 0 | CC76: 0 | CD76: 0 | CE76: 73 | CF76: 0 | CG76: 0 | CH76: 0 | CI76: 143 | CJ76: 0 | CK76: 2 | CL76: 0 | CM76: 0 | CN76: 0 | CO76: 1 | DI76: =SUM(C76:DH76)-AT76 -> 1129 | DJ76: Holocene
A77: 8555 | B77: 7.3 | C77: 0 | D77: 0 | E77: 9 | F77: 1 | G77: 1 | H77: 12 | I77: 0 | J77: 0 | K77: 0 | L77: 0 | M77: 0 | N77: 0 | O77: 0 | P77: 0 | Q77: 0 | R77: 0 | S77: 0 | T77: 0 | U77: 0 | V77: 791 | W77: 0 | X77: 8 | Y77: 0 | Z77: 1 | AA77: 0 | AB77: 0 | AC77: 0 | AD77: 2 | AE77: 0 | AF77: 1 | AG77: 0 | AH77: 5 | AI77: 0 | AJ77: 5 | AK77: 6 | AL77: 0 | AM77: 0 | AN77: 0 | AO77: 0 | AP77: 0 | AQ77: 0 | AR77: 0 | AS77: 0 | AT77: 11300 | AU77: 41 | AV77: 0 | AW77: 0 | AX77: 0 | AY77: 0 | AZ77: 1 | BA77: 0 | BB77: 0 | BC77: 11 | BD77: 0 | BE77: 0 | BF77: 0 | BG77: 0 | BH77: 3 | BI77: 3 | BJ77: 0 | BK77: 0 | BL77: 121 | BM77: 0 | BN77: 0 | BO77: 0 | BP77: 0 | BQ77: 2 | BR77: 1 | BS77: 5 | BT77: 1 | BU77: 0 | BV77: 0 | BW77: 0 | BX77: 0 | BY77: 0 | BZ77: 0 | CA77: 0 | CB77: 0 | CC77: 0 | CD77: 0 | CE77: 19 | CF77: 0 | CG77: 0 | CH77: 0 | CI77: 91 | CJ77: 1 | CK77: 2 | CL77: 0 | CM77: 0 | CN77: 0 | CO77: 1 | DI77: =SUM(C77:DH77)-AT77 -> 1145 | DJ77: Holocene
A78: =(($A$77-$A$80)/(($B$77-$B$80)*10))+A77 -> 8773.3333 | B78: 7.4 | C78: 0 | D78: 0 | E78: 0 | F78: 0 | G78: 0 | H78: 26 | I78: 0 | J78: 1 | K78: 0 | L78: 0 | M78: 0 | N78: 0 | O78: 0 | P78: 0 | Q78: 0 | R78: 0 | S78: 0 | T78: 0 | U78: 0 | V78: 709 | W78: 0 | X78: 5 | Y78: 0 | Z78: 0 | AA78: 0 | AB78: 0 | AC78: 0 | AD78: 5 | AE78: 0 | AF78: 2 | AG78: 0 | AH78: 0 | AI78: 0 | AJ78: 3 | AK78: 1 | AL78: 0 | AM78: 0 | AN78: 0 | AO78: 0 | AP78: 0 | AQ78: 0 | AR78: 0 | AS78: 0 | AT78: 12077 | AU78: 17 | AV78: 0 | AW78: 0 | AX78: 0 | AY78: 0 | AZ78: 0 | BA78: 0 | BB78: 0 | BC78: 12 | BD78: 0 | BE78: 0 | BF78: 0 | BG78: 0 | BH78: 0 | BI78: 0 | BJ78: 0 | BK78: 0 | BL78: 124 | BM78: 0 | BN78: 0 | BO78: 0 | BP78: 0 | BQ78: 0 | BR78: 1 | BS78: 2 | BT78: 0 | BU78: 0 | BV78: 0 | BW78: 0 | BX78: 0 | BY78: 0 | BZ78: 0 | CA78: 0 | CB78: 0 | CC78: 0 | CD78: 0 | CE78: 19 | CF78: 0 | CG78: 0 | CH78: 0 | CI78: 103 | CJ78: 0 | CK78: 1 | CL78: 0 | CM78: 0 | CN78: 0 | CO78: 1 | DI78: =SUM(C78:DH78)-AT78 -> 1032 | DJ78: Holocene
A79: =(($A$77-$A$80)/(($B$77-$B$80)*10))+A78 -> 8991.6667 | B79: 7.5 | C79: 0 | D79: 0 | E79: 2 | F79: 1 | G79: 0 | H79: 35 | I79: 0 | J79: 0 | K79: 0 | L79: 0 | M79: 0 | N79: 0 | O79: 0 | P79: 0 | Q79: 0 | R79: 0 | S79: 0 | T79: 0 | U79: 0 | V79: 949 | W79: 2 | X79: 5 | Y79: 0 | Z79: 0 | AA79: 0 | AB79: 0 | AC79: 0 | AD79: 1 | AE79: 2 | AF79: 1 | AG79: 0 | AH79: 1 | AI79: 0 | AJ79: 4 | AK79: 0 | AL79: 0 | AM79: 0 | AN79: 0 | AO79: 0 | AP79: 0 | AQ79: 0 | AR79: 0 | AS79: 0 | AT79: 11300 | AU79: 18 | AV79: 0 | AW79: 0 | AX79: 0 | AY79: 0 | AZ79: 1 | BA79: 0 | BB79: 1 | BC79: 10 | BD79: 0 | BE79: 0 | BF79: 0 | BG79: 0 | BH79: 1 | BI79: 1 | BJ79: 0 | BK79: 0 | BL79: 91 | BM79: 0 | BN79: 0 | BO79: 0 | BP79: 0 | BQ79: 1 | BR79: 2 | BS79: 4 | BT79: 0 | BU79: 0 | BV79: 0 | BW79: 0 | BX79: 0 | BY79: 0 | BZ79: 0 | CA79: 0 | CB79: 0 | CC79: 0 | CD79: 0 | CE79: 15 | CF79: 0 | CG79: 1 | CH79: 0 | CI79: 58 | CJ79: 1 | CK79: 0 | CL79: 0 | CM79: 0 | CN79: 0 | CO79: 0 | DI79: =SUM(C79:DH79)-AT79 -> 1208 | DJ79: Holocene
A80: 9210 | B80: 7.6 | C80: 0 | D80: 0 | E80: 0 | F80: 1 | G80: 2 | H80: 19 | I80: 0 | J80: 0 | K80: 0 | L80: 0 | M80: 0 | N80: 0 | O80: 0 | P80: 0 | Q80: 0 | R80: 0 | S80: 0 | T80: 0 | U80: 0 | V80: 820 | W80: 0 | X80: 1 | Y80: 0 | Z80: 0 | AA80: 0 | AB80: 0 | AC80: 0 | AD80: 1 | AE80: 0 | AF80: 2 | AG80: 0 | AH80: 0 | AI80: 0 | AJ80: 4 | AK80: 1 | AL80: 0 | AM80: 0 | AN80: 0 | AO80: 0 | AP80: 0 | AQ80: 0 | AR80: 0 | AS80: 0 | AT80: 12077 | AU80: 8 | AV80: 0 | AW80: 0 | AX80: 0 | AY80: 1 | AZ80: 0 | BA80: 1 | BB80: 0 | BC80: 8 | BD80: 0 | BE80: 0 | BF80: 0 | BG80: 0 | BH80: 1 | BI80: 0 | BJ80: 0 | BK80: 0 | BL80: 91 | BM80: 0 | BN80: 0 | BO80: 0 | BP80: 0 | BQ80: 1 | BR80: 0 | BS80: 1 | BT80: 1 | BU80: 0 | BV80: 0 | BW80: 0 | BX80: 0 | BY80: 0 | BZ80: 0 | CA80: 0 | CB80: 0 | CC80: 0 | CD80: 0 | CE80: 6 | CF80: 0 | CG80: 0 | CH80: 0 | CI80: 62 | CJ80: 0 | CK80: 0 | CL80: 0 | CM80: 0 | CN80: 0 | CO80: 0 | DI80: =SUM(C80:DH80)-AT80 -> 1032 | DJ80: Holocene
A81: =(($A$80-$A$83)/(($B$80-$B$83)*10))+A80 -> 9481.6667 | B81: 7.7 | C81: 0 | D81: 0 | E81: 0 | F81: 1 | G81: 0 | H81: 24 | I81: 0 | J81: 0 | K81: 0 | L81: 0 | M81: 0 | N81: 0 | O81: 0 | P81: 0 | Q81: 0 | R81: 0 | S81: 0 | T81: 0 | U81: 0 | V81: 951 | W81: 0 | X81: 9 | Y81: 0 | Z81: 1 | AA81: 0 | AB81: 0 | AC81: 0 | AD81: 4 | AE81: 0 | AF81: 2 | AG81: 0 | AH81: 0 | AI81: 0 | AJ81: 6 | AK81: 0 | AL81: 0 | AM81: 0 | AN81: 0 | AO81: 0 | AP81: 0 | AQ81: 0 | AR81: 0 | AS81: 0 | AT81: 11300 | AU81: 31 | AV81: 0 | AW81: 0 | AX81: 0 | AY81: 0 | AZ81: 0 | BA81: 0 | BB81: 0 | BC81: 18 | BD81: 0 | BE81: 0 | BF81: 0 | BG81: 0 | BH81: 0 | BI81: 7 | BJ81: 0 | BK81: 0 | BL81: 103 | BM81: 0 | BN81: 0 | BO81: 1 | BP81: 0 | BQ81: 1 | BR81: 0 | BS81: 3 | BT81: 0 | BU81: 0 | BV81: 0 | BW81: 0 | BX81: 0 | BY81: 0 | BZ81: 0 | CA81: 0 | CB81: 0 | CC81: 0 | CD81: 0 | CE81: 0 | CF81: 0 | CG81: 0 | CH81: 0 | CI81: 93 | CJ81: 0 | CK81: 0 | CL81: 0 | CM81: 0 | CN81: 0 | CO81: 0 | DI81: =SUM(C81:DH81)-AT81 -> 1255 | DJ81: Holocene
A82: =(($A$80-$A$83)/(($B$80-$B$83)*10))+A81 -> 9753.3333 | B82: 7.8 | C82: 0 | D82: 0 | E82: 0 | F82: 0 | G82: 1 | H82: 24 | I82: 0 | J82: 0 | K82: 0 | L82: 0 | M82: 0 | N82: 0 | O82: 0 | P82: 0 | Q82: 0 | R82: 0 | S82: 0 | T82: 0 | U82: 0 | V82: 821 | W82: 0 | X82: 5 | Y82: 0 | Z82: 0 | AA82: 0 | AB82: 0 | AC82: 0 | AD82: 1 | AE82: 0 | AF82: 1 | AG82: 0 | AH82: 0 | AI82: 0 | AJ82: 12 | AK82: 1 | AL82: 0 | AM82: 0 | AN82: 0 | AO82: 0 | AP82: 0 | AQ82: 0 | AR82: 0 | AS82: 0 | AT82: 12077 | AU82: 16 | AV82: 0 | AW82: 0 | AX82: 0 | AY82: 0 | AZ82: 0 | BA82: 0 | BB82: 0 | BC82: 25 | BD82: 0 | BE82: 0 | BF82: 0 | BG82: 0 | BH82: 2 | BI82: 1 | BJ82: 0 | BK82: 0 | BL82: 32 | BM82: 0 | BN82: 0 | BO82: 0 | BP82: 1 | BQ82: 2 | BR82: 0 | BS82: 1 | BT82: 0 | BU82: 0 | BV82: 0 | BW82: 0 | BX82: 0 | BY82: 0 | BZ82: 0 | CA82: 0 | CB82: 0 | CC82: 0 | CD82: 0 | CE82: 0 | CF82: 0 | CG82: 0 | CH82: 0 | CI82: 78 | CJ82: 2 | CK82: 0 | CL82: 0 | CM82: 0 | CN82: 0 | CO82: 0 | DI82: =SUM(C82:DH82)-AT82 -> 1026 | DJ82: Holocene
A83: 10025 | B83: 7.9 | C83: 0 | D83: 0 | E83: 1 | F83: 2 | G83: 0 | H83: 40 | I83: 0 | J83: 0 | K83: 0 | L83: 0 | M83: 0 | N83: 0 | O83: 0 | P83: 0 | Q83: 0 | R83: 0 | S83: 0 | T83: 0 | U83: 0 | V83: 852 | W83: 0 | X83: 3 | Y83: 0 | Z83: 0 | AA83: 0 | AB83: 0 | AC83: 0 | AD83: 4 | AE83: 0 | AF83: 1 | AG83: 0 | AH83: 0 | AI83: 0 | AJ83: 7 | AK83: 0 | AL83: 0 | AM83: 0 | AN83: 0 | AO83: 0 | AP83: 0 | AQ83: 0 | AR83: 0 | AS83: 0 | AT83: 11300 | AU83: 29 | AV83: 0 | AW83: 0 | AX83: 0 | AY83: 0 | AZ83: 0 | BA83: 0 | BB83: 0 | BC83: 34 | BD83: 0 | BE83: 0 | BF83: 0 | BG83: 0 | BH83: 0 | BI83: 0 | BJ83: 0 | BK83: 0 | BL83: 32 | BM83: 0 | BN83: 0 | BO83: 0 | BP83: 0 | BQ83: 0 | BR83: 1 | BS83: 6 | BT83: 0 | BU83: 0 | BV83: 0 | BW83: 0 | BX83: 0 | BY83: 0 | BZ83: 0 | CA83: 0 | CB83: 0 | CC83: 0 | CD83: 1 | CE83: 0 | CF83: 0 | CG83: 0 | CH83: 0 | CI83: 120 | CJ83: 0 | CK83: 1 | CL83: 0 | CM83: 0 | CN83: 0 | CO83: 0 | DI83: =SUM(C83:DH83)-AT83 -> 1134 | DJ83: Holocene
A84: =(($A$83-$A$87)/(($B$83-$B$87)*10))+A83 -> 10217.5 | B84: 8 | C84: 0 | D84: 0 | E84: 0 | F84: 1 | G84: 0 | H84: 42 | I84: 0 | J84: 0 | K84: 0 | L84: 0 | M84: 0 | N84: 0 | O84: 0 | P84: 0 | Q84: 0 | R84: 0 | S84: 0 | T84: 0 | U84: 0 | V84: 834 | W84: 0 | X84: 3 | Y84: 0 | Z84: 0 | AA84: 0 | AB84: 0 | AC84: 0 | AD84: 4 | AE84: 0 | AF84: 2 | AG84: 0 | AH84: 0 | AI84: 2 | AJ84: 4 | AK84: 0 | AL84: 0 | AM84: 0 | AN84: 0 | AO84: 0 | AP84: 0 | AQ84: 0 | AR84: 0 | AS84: 0 | AT84: 12077 | AU84: 40 | AV84: 0 | AW84: 0 | AX84: 0 | AY84: 0 | AZ84: 0 | BA84: 0 | BB84: 0 | BC84: 62 | BD84: 0 | BE84: 0 | BF84: 0 | BG84: 0 | BH84: 1 | BI84: 3 | BJ84: 0 | BK84: 0 | BL84: 26 | BM84: 0 | BN84: 0 | BO84: 0 | BP84: 0 | BQ84: 1 | BR84: 2 | BS84: 4 | BT84: 0 | BU84: 0 | BV84: 0 | BW84: 0 | BX84: 2 | BY84: 0 | BZ84: 0 | CA84: 0 | CB84: 0 | CC84: 0 | CD84: 0 | CE84: 0 | CF84: 0 | CG84: 0 | CH84: 0 | CI84: 26 | CJ84: 2 | CK84: 1 | CL84: 0 | CM84: 0 | CN84: 0 | CO84: 0 | DI84: =SUM(C84:DH84)-AT84 -> 1062 | DJ84: Holocene
A85: =(($A$83-$A$87)/(($B$83-$B$87)*10))+A84 -> 10410 | B85: 8.1 | C85: 0 | D85: 0 | E85: 1 | F85: 4 | G85: 0 | H85: 40 | I85: 0 | J85: 0 | K85: 0 | L85: 1 | M85: 0 | N85: 0 | O85: 0 | P85: 0 | Q85: 0 | R85: 0 | S85: 0 | T85: 0 | U85: 0 | V85: 903 | W85: 0 | X85: 6 | Y85: 0 | Z85: 1 | AA85: 0 | AB85: 0 | AC85: 0 | AD85: 7 | AE85: 0 | AF85: 4 | AG85: 0 | AH85: 0 | AI85: 0 | AJ85: 13 | AK85: 0 | AL85: 0 | AM85: 0 | AN85: 1 | AO85: 0 | AP85: 0 | AQ85: 0 | AR85: 0 | AS85: 0 | AT85: 11300 | AU85: 22 | AV85: 0 | AW85: 0 | AX85: 0 | AY85: 1 | AZ85: 1 | BA85: 0 | BB85: 0 | BC85: 58 | BD85: 0 | BE85: 0 | BF85: 0 | BG85: 0 | BH85: 0 | BI85: 3 | BJ85: 0 | BK85: 0 | BL85: 38 | BM85: 0 | BN85: 0 | BO85: 0 | BP85: 0 | BQ85: 2 | BR85: 0 | BS85: 0 | BT85: 0 | BU85: 0 | BV85: 0 | BW85: 0 | BX85: 0 | BY85: 0 | BZ85: 0 | CA85: 0 | CB85: 0 | CC85: 0 | CD85: 0 | CE85: 0 | CF85: 0 | CG85: 0 | CH85: 0 | CI85: 41 | CJ85: 0 | CK85: 4 | CL85: 0 | CM85: 0 | CN85: 0 | CO85: 0 | DI85: =SUM(C85:DH85)-AT85 -> 1151 | DJ85: Holocene
A86: =(($A$83-$A$87)/(($B$83-$B$87)*10))+A85 -> 10602.5 | B86: 8.2 | C86: 0 | D86: 0 | E86: 0 | F86: 1 | G86: 1 | H86: 66 | I86: 0 | J86: 0 | K86: 0 | L86: 0 | M86: 0 | N86: 0 | O86: 0 | P86: 0 | Q86: 0 | R86: 0 | S86: 0 | T86: 0 | U86: 0 | V86: 755 | W86: 11 | X86: 10 | Y86: 0 | Z86: 0 | AA86: 0 | AB86: 0 | AC86: 0 | AD86: 6 | AE86: 0 | AF86: 2 | AG86: 0 | AH86: 0 | AI86: 1 | AJ86: 7 | AK86: 0 | AL86: 0 | AM86: 0 | AN86: 0 | AO86: 0 | AP86: 0 | AQ86: 0 | AR86: 0 | AS86: 0 | AT86: 12077 | AU86: 19 | AV86: 0 | AW86: 0 | AX86: 0 | AY86: 1 | AZ86: 0 | BA86: 0 | BB86: 0 | BC86: 124 | BD86: 0 | BE86: 0 | BF86: 0 | BG86: 0 | BH86: 0 | BI86: 4 | BJ86: 0 | BK86: 0 | BL86: 11 | BM86: 0 | BN86: 0 | BO86: 0 | BP86: 0 | BQ86: 0 | BR86: 0 | BS86: 5 | BT86: 0 | BU86: 0 | BV86: 0 | BW86: 0 | BX86: 1 | BY86: 0 | BZ86: 0 | CA86: 0 | CB86: 0 | CC86: 0 | CD86: 0 | CE86: 0 | CF86: 0 | CG86: 0 | CH86: 0 | CI86: 9 | CJ86: 1 | CK86: 0 | CL86: 0 | CM86: 0 | CN86: 0 | CO86: 0 | DI86: =SUM(C86:DH86)-AT86 -> 1035 | DJ86: Holocene
A87: 10795 | B87: 8.3 | C87: 0 | D87: 0 | E87: 0 | F87: 8 | G87: 4 | H87: 264 | I87: 0 | J87: 0 | K87: 0 | L87: 0 | M87: 0 | N87: 0 | O87: 0 | P87: 0 | Q87: 0 | R87: 0 | S87: 0 | T87: 3 | U87: 0 | V87: 378 | W87: 0 | X87: 9 | Y87: 0 | Z87: 0 | AA87: 0 | AB87: 0 | AC87: 0 | AD87: 12 | AE87: 0 | AF87: 7 | AG87: 0 | AH87: 1 | AI87: 0 | AJ87: 27 | AK87: 0 | AL87: 0 | AM87: 0 | AN87: 0 | AO87: 0 | AP87: 0 | AQ87: 0 | AR87: 0 | AS87: 0 | AT87: 11300 | AU87: 41 | AV87: 0 | AW87: 0 | AX87: 1 | AY87: 3 | AZ87: 0 | BA87: 0 | BB87: 0 | BC87: 349 | BD87: 0 | BE87: 0 | BF87: 0 | BG87: 0 | BH87: 0 | BI87: 6 | BJ87: 0 | BK87: 0 | BL87: 8 | BM87: 0 | BN87: 0 | BO87: 0 | BP87: 0 | BQ87: 1 | BR87: 1 | BS87: 4 | BT87: 0 | BU87: 1 | BV87: 0 | BW87: 0 | BX87: 0 | BY87: 0 | BZ87: 0 | CA87: 0 | CB87: 0 | CC87: 0 | CD87: 0 | CE87: 0 | CF87: 0 | CG87: 0 | CH87: 2 | CI87: 3 | CJ87: 0 | CK87: 0 | CL87: 0 | CM87: 0 | CN87: 0 | CO87: 0 | DI87: =SUM(C87:DH87)-AT87 -> 1133 | DJ87: Holocene
A88: 10995 | B88: 8.4 | C88: 0 | D88: 0 | E88: 0 | F88: 5 | G88: 0 | H88: 634 | I88: 0 | J88: 0 | K88: 1 | L88: 0 | M88: 0 | N88: 0 | O88: 0 | P88: 0 | Q88: 0 | R88: 0 | S88: 1 | T88: 0 | U88: 0 | V88: 50 | W88: 0 | X88: 21 | Y88: 0 | Z88: 0 | AA88: 0 | AB88: 0 | AC88: 0 | AD88: 11 | AE88: 0 | AF88: 21 | AG88: 0 | AH88: 0 | AI88: 3 | AJ88: 33 | AK88: 0 | AL88: 0 | AM88: 0 | AN88: 0 | AO88: 0 | AP88: 0 | AQ88: 0 | AR88: 0 | AS88: 0 | AT88: 12077 | AU88: 46 | AV88: 0 | AW88: 0 | AX88: 0 | AY88: 7 | AZ88: 0 | BA88: 2 | BB88: 0 | BC88: 201 | BD88: 0 | BE88: 0 | BF88: 0 | BG88: 0 | BH88: 17 | BI88: 0 | BJ88: 0 | BK88: 0 | BL88: 4 | BM88: 0 | BN88: 0 | BO88: 2 | BP88: 0 | BQ88: 0 | BR88: 1 | BS88: 28 | BT88: 0 | BU88: 2 | BV88: 0 | BW88: 0 | BX88: 1 | BY88: 0 | BZ88: 0 | CA88: 0 | CB88: 0 | CC88: 0 | CD88: 0 | CE88: 0 | CF88: 0 | CG88: 0 | CH88: 0 | CI88: 0 | CJ88: 1 | CK88: 2 | CL88: 0 | CM88: 0 | CN88: 0 | CO88: 0 | DI88: =SUM(C88:DH88)-AT88 -> 1094 | DJ88: Holocene
A89: 13258 | B89: 11.873 | E89: 0 | F89: 2.210884 | G89: 0.8503401 | H89: 26.36054 | J89: 0 | K89: 0.3401361 | L89: 0 | M89: 0.170068 | Q89: 0 | S89: 0.170068 | T89: 0.170068 | V89: 0 | W89: 0 | X89: 7.823129 | Z89: 0 | AC89: 0 | AD89: 0 | AF89: 3.571429 | AI89: 1.020408 | AJ89: 26.53061 | AL89: 0 | AO89: 0.3401361 | AP89: 0 | AQ89: 0.170068 | AV89: 0 | AW89: 0 | AY89: 1 | BA89: 43 | BB89: 0 | BC89: 24.14966 | BD89: 0 | BE89: 0 | BG89: 0 | BH89: 0.170068 | BI89: 0 | BJ89: 0 | BL89: 0 | BM89: 0.5102041 | BQ89: 0 | BR89: 1.020408 | BS89: 1.70068 | BU89: 0 | BV89: 0 | BZ89: 0 | CA89: 0 | CD89: 0.5102041 | CE89: 0 | CG89: 0 | CI89: 0 | CJ89: 1.870748 | CK89: 0 | CL89: 0 | CM89: 0.170068 | CN89: 0 | CP89: 0 | CQ89: 0 | CR89: 0 | CS89: 0 | CT89: 0 | CU89: 0 | CV89: 0 | CW89: 0 | CX89: 0 | CY89: 0 | CZ89: 0.170068 | DA89: 0 | DB89: 0 | DC89: 0 | DD89: 0 | DE89: 0 | DF89: 0 | DG89: 0 | DH89: 0 | DI89: =SUM(C89:DH89)-AT89 -> 143.99999 | DJ89: Allerød
A90: 13289 | B90: 11.895 | E90: 0 | F90: 5.710491 | G90: 0.3984064 | H90: 29.08367 | J90: 0 | K90: 0 | L90: 0 | M90: 0 | Q90: 0 | S90: 0.1328021 | T90: 0.1328021 | V90: 0 | W90: 0 | X90: 4.780877 | Z90: 0 | AC90: 0 | AD90: 0 | AF90: 6.2417 | AI90: 1.460823 | AJ90: 19.92032 | AL90: 0 | AO90: 0.3984064 | AP90: 0 | AQ90: 0.3984064 | AV90: 0 | AW90: 0 | AY90: 3 | BA90: 59 | BB90: 0.1328021 | BC90: 22.84196 | BD90: 0 | BE90: 0.1328021 | BG90: 0 | BH90: 0.2656043 | BI90: 2 | BJ90: 0.1328021 | BL90: 0 | BM90: 0.7968128 | BQ90: 0.1328021 | BR90: 1.328021 | BS90: 2.52324 | BU90: 0.1328021 | BV90: 0 | BZ90: 0 | CA90: 0 | CD90: 0.9296149 | CE90: 0 | CG90: 0 | CI90: 0 | CJ90: 1.593626 | CK90: 0 | CL90: 0.1328021 | CM90: 0 | CN90: 0 | CP90: 0 | CQ90: 0 | CR90: 1 | CS90: 0 | CT90: 0 | CU90: 0 | CV90: 0 | CW90: 0 | CX90: 0 | CY90: 0.1328021 | CZ90: 0 | DA90: 0 | DB90: 0 | DC90: 0 | DD90: 0 | DE90: 0.1328021 | DF90: 0 | DG90: 0 | DH90: 0 | DI90: =SUM(C90:DH90)-AT90 -> 165 | DJ90: Allerød
A91: 13320 | B91: 11.917 | E91: 0 | F91: 3.809524 | G91: 0.2721089 | H91: 32.10884 | J91: 0 | K91: 0.5442177 | L91: 0 | M91: 0 | Q91: 0.1360544 | S91: 0 | T91: 0.5442177 | V91: 0 | W91: 0 | X91: 7.755102 | Z91: 2 | AC91: 0 | AD91: 0 | AF91: 3.129252 | AI91: 0.4081633 | AJ91: 20.40816 | AL91: 0 | AO91: 0.2721089 | AP91: 0 | AQ91: 0 | AV91: 0.1360544 | AW91: 0 | AY91: 9 | BA91: 72 | BB91: 0 | BC91: 22.72109 | BD91: 0 | BE91: 0 | BG91: 0 | BH91: 0 | BI91: 5 | BJ91: 0.1360544 | BL91: 0 | BM91: 1.632653 | BQ91: 0 | BR91: 0.2721089 | BS91: 3.129252 | BU91: 0.1360544 | BV91: 0 | BZ91: 2 | CA91: 0 | CD91: 0.6802721 | CE91: 0 | CG91: 0 | CI91: 0 | CJ91: 1.496599 | CK91: 0 | CL91: 0 | CM91: 0 | CN91: 0 | CP91: 0 | CQ91: 0 | CR91: 0 | CS91: 0 | CT91: 0 | CU91: 0.1360544 | CV91: 0 | CW91: 0 | CX91: 0 | CY91: 0.1360544 | CZ91: 0 | DA91: 0 | DB91: 0 | DC91: 0 | DD91: 0 | DE91: 0 | DF91: 0 | DG91: 0 | DH91: 0 | DI91: =SUM(C91:DH91)-AT91 -> 190 | DJ91: Allerød
A92: 13350 | B92: 11.938 | E92: 0 | F92: 2.140673 | G92: 0.764526 | H92: 27.21712 | J92: 0 | K92: 0.4587156 | L92: 0 | M92: 0.1529052 | Q92: 0 | S92: 0 | T92: 0.1529052 | V92: 0 | W92: 0 | X92: 10.39755 | Z92: 5 | AC92: 0 | AD92: 0 | AF92: 3.82263 | AI92: 0.4587156 | AJ92: 30.58104 | AL92: 0.3058104 | AO92: 0 | AP92: 0 | AQ92: 0 | AV92: 0 | AW92: 0 | AY92: 11 | BA92: 57 | BB92: 0 | BC92: 16.05505 | BD92: 0 | BE92: 0 | BG92: 0 | BH92: 0.1529052 | BI92: 5 | BJ92: 0.1529052 | BL92: 0 | BM92: 1.070336 | BQ92: 0.1529052 | BR92: 0.4587156 | BS92: 2.140673 | BU92: 0.1529052 | BV92: 0 | BZ92: 0 | CA92: 0 | CD92: 0.6116208 | CE92: 0 | CG92: 0 | CI92: 0 | CJ92: 2.140673 | CK92: 0.1529052 | CL92: 0 | CM92: 0.1529052 | CN92: 0 | CP92: 0 | CQ92: 0 | CR92: 0 | CS92: 0 | CT92: 0.1529052 | CU92: 0 | CV92: 0 | CW92: 0 | CX92: 0 | CY92: 0 | CZ92: 0 | DA92: 0 | DB92: 0 | DC92: 0 | DD92: 0 | DE92: 0 | DF92: 0 | DG92: 0 | DH92: 0 | DI92: =SUM(C92:DH92)-AT92 -> 178 | DJ92: Allerød
A93: 13382 | B93: 11.96 | E93: 0 | F93: 4.926108 | G93: 0.3284072 | H93: 43.84237 | J93: 0 | K93: 0.3284072 | L93: 0 | M93: 0 | Q93: 0 | S93: 0.1642036 | T93: 0.4926108 | V93: 0 | W93: 0 | X93: 5.090312 | Z93: 0 | AC93: 0 | AD93: 0 | AF93: 4.926108 | AI93: 0.3284072 | AJ93: 15.27094 | AL93: 0 | AO93: 0.1642036 | AP93: 0 | AQ93: 0 | AV93: 0 | AW93: 0 | AY93: 13 | BA93: 54 | BB93: 0 | BC93: 15.76355 | BD93: 0 | BE93: 0 | BG93: 0 | BH93: 0.4926108 | BI93: 2 | BJ93: 0 | BL93: 0 | BM93: 0.821018 | BQ93: 0 | BR93: 0.4926108 | BS93: 3.940887 | BU93: 0 | BV93: 0 | BZ93: 0 | CA93: 0 | CD93: 0.4926108 | CE93: 0 | CG93: 0 | CI93: 0 | CJ93: 2.134647 | CK93: 0 | CL93: 0 | CM93: 0 | CN93: 0 | CP93: 0 | CQ93: 0 | CR93: 0 | CS93: 0 | CT93: 0 | CU93: 0 | CV93: 0 | CW93: 0 | CX93: 0 | CY93: 0 | CZ93: 0 | DA93: 0 | DB93: 0 | DC93: 0 | DD93: 0 | DE93: 0 | DF93: 0 | DG93: 0 | DH93: 0 | DI93: =SUM(C93:DH93)-AT93 -> 169.00001 | DJ93: Allerød
A94: 13413 | B94: 11.982 | E94: 0 | F94: 5.007587 | G94: 0.7587253 | H94: 39.60546 | J94: 0 | K94: 0.1517451 | L94: 0.1517451 | M94: 0.1517451 | Q94: 0.3034901 | S94: 0 | T94: 0 | V94: 0 | W94: 0 | X94: 7.738998 | Z94: 0 | AC94: 0 | AD94: 0 | AF94: 2.883156 | AI94: 0.6069803 | AJ94: 16.54021 | AL94: 0.1517451 | AO94: 0.1517451 | AP94: 0 | AQ94: 0 | AV94: 0 | AW94: 0 | AY94: 9 | BA94: 51 | BB94: 0 | BC94: 16.08498 | BD94: 0 | BE94: 0.1517451 | BG94: 0 | BH94: 0.7587253 | BI94: 3 | BJ94: 0 | BL94: 0.1517451 | BM94: 1.669196 | BQ94: 0.1517451 | BR94: 0.1517451 | BS94: 4.097117 | BU94: 0.1517451 | BV94: 0 | BZ94: 1 | CA94: 0 | CD94: 0.3034901 | CE94: 0 | CG94: 0 | CI94: 0 | CJ94: 2.124431 | CK94: 0 | CL94: 0 | CM94: 0 | CN94: 0 | CP94: 0 | CQ94: 0 | CR94: 2 | CS94: 0 | CT94: 0 | CU94: 0 | CV94: 0 | CW94: 0 | CX94: 0 | CY94: 0 | CZ94: 0 | DA94: 0 | DB94: 0 | DC94: 0 | DD94: 0 | DE94: 0 | DF94: 0 | DG94: 0 | DH94: 0 | DI94: =SUM(C94:DH94)-AT94 -> 166 | DJ94: Allerød
A95: 13446 | B95: 12.005 | E95: 0 | F95: 3.453689 | G95: 0.3139717 | H95: 49.76452 | J95: 0 | K95: 0.1569859 | L95: 0 | M95: 0 | Q95: 0 | S95: 0 | T95: 0.1569859 | V95: 0 | W95: 0 | X95: 3.453689 | Z95: 0 | AC95: 0 | AD95: 0 | AF95: 2.982732 | AI95: 0.1569859 | AJ95: 14.4427 | AL95: 0 | AO95: 0.6279435 | AP95: 0 | AQ95: 0 | AV95: 0 | AW95: 0 | AY95: 3 | BA95: 54 | BB95: 0 | BC95: 14.59969 | BD95: 0 | BE95: 0 | BG95: 0 | BH95: 0.9419152 | BI95: 5 | BJ95: 0 | BL95: 0.1569859 | BM95: 0.9419152 | BQ95: 0 | BR95: 1.098901 | BS95: 3.924647 | BU95: 0 | BV95: 0 | BZ95: 0 | CA95: 0 | CD95: 0.4709576 | CE95: 0 | CG95: 0 | CI95: 0 | CJ95: 2.354788 | CK95: 0 | CL95: 0 | CM95: 0 | CN95: 0 | CP95: 0 | CQ95: 0 | CR95: 1 | CS95: 0 | CT95: 0 | CU95: 0 | CV95: 0 | CW95: 0 | CX95: 0 | CY95: 0 | CZ95: 0 | DA95: 0 | DB95: 0 | DC95: 0 | DD95: 0 | DE95: 0 | DF95: 0 | DG95: 0 | DH95: 0 | DI95: =SUM(C95:DH95)-AT95 -> 163 | DJ95: Allerød
A96: 13473 | B96: 12.025 | E96: 0 | F96: 2.711324 | G96: 0.6379585 | H96: 43.22169 | J96: 0 | K96: 0.3189793 | L96: 0 | M96: 0.1594896 | Q96: 0 | S96: 0 | T96: 0 | V96: 0 | W96: 0 | X96: 6.698565 | Z96: 0 | AC96: 0 | AD96: 0 | AF96: 4.14673 | AI96: 0.4784689 | AJ96: 14.83254 | AL96: 0.4784689 | AO96: 0.4784689 | AP96: 0 | AQ96: 0 | AV96: 0 | AW96: 0 | AY96: 4 | BA96: 69 | BB96: 0 | BC96: 16.58692 | BD96: 0 | BE96: 0 | BG96: 0 | BH96: 1.275917 | BI96: 1 | BJ96: 0.1594896 | BL96: 0.3189793 | BM96: 1.594896 | BQ96: 0 | BR96: 0 | BS96: 4.46571 | BU96: 0 | BV96: 0 | BZ96: 0 | CA96: 0 | CD96: 0.6379585 | CE96: 0 | CG96: 0 | CI96: 0 | CJ96: 0.7974482 | CK96: 0 | CL96: 0 | CM96: 0 | CN96: 0 | CP96: 0 | CQ96: 0 | CR96: 0 | CS96: 0 | CT96: 0 | CU96: 0 | CV96: 0 | CW96: 0 | CX96: 0 | CY96: 0 | CZ96: 0 | DA96: 0 | DB96: 0 | DC96: 0 | DD96: 0 | DE96: 0 | DF96: 0 | DG96: 0 | DH96: 0 | DI96: =SUM(C96:DH96)-AT96 -> 174 | DJ96: Allerød
A97: 13503 | B97: 12.048 | E97: 0 | F97: 3.859649 | G97: 0.7017544 | H97: 44.21053 | J97: 0 | K97: 0.7017544 | L97: 0 | M97: 0 | Q97: 0 | S97: 0 | T97: 0 | V97: 0 | W97: 0 | X97: 6.842105 | Z97: 0 | AC97: 0 | AD97: 0 | AF97: 2.105263 | AI97: 0.7017544 | AJ97: 17.36842 | AL97: 0.1754386 | AO97: 0.877193 | AP97: 0 | AQ97: 0 | AV97: 0 | AW97: 0 | AY97: 1 | BA97: 25 | BB97: 0 | BC97: 13.68421 | BD97: 0 | BE97: 0.1754386 | BG97: 0 | BH97: 1.052632 | BI97: 5 | BJ97: 0 | BL97: 0 | BM97: 0.5263158 | BQ97: 0 | BR97: 0.5263158 | BS97: 5.789474 | BU97: 0 | BV97: 0 | BZ97: 1 | CA97: 0 | CD97: 0.3508772 | CE97: 0 | CG97: 0 | CI97: 0 | CJ97: 0.1754386 | CK97: 0 | CL97: 0 | CM97: 0 | CN97: 0 | CP97: 0 | CQ97: 0 | CR97: 1 | CS97: 0 | CT97: 0 | CU97: 0.1754386 | CV97: 0 | CW97: 0 | CX97: 0 | CY97: 0 | CZ97: 0 | DA97: 0 | DB97: 0 | DC97: 0 | DD97: 0 | DE97: 0 | DF97: 0 | DG97: 0 | DH97: 0 | DI97: =SUM(C97:DH97)-AT97 -> 133 | DJ97: Allerød
A98: 13532 | B98: 12.072 | E98: 0 | F98: 4.409449 | G98: 0.7874016 | H98: 40.31496 | J98: 0.1574803 | K98: 1.259843 | L98: 0 | M98: 0 | Q98: 0.1574803 | S98: 0 | T98: 0.1574803 | V98: 0 | W98: 0 | X98: 5.669291 | Z98: 0 | AC98: 0 | AD98: 0 | AF98: 4.566929 | AI98: 0.7874016 | AJ98: 17.00787 | AL98: 0.1574803 | AO98: 0.7874016 | AP98: 0 | AQ98: 0 | AV98: 0 | AW98: 0 | AY98: 1 | BA98: 30 | BB98: 0 | BC98: 14.64567 | BD98: 0 | BE98: 0 | BG98: 0 | BH98: 0.6299213 | BI98: 0 | BJ98: 0 | BL98: 0 | BM98: 1.574803 | BQ98: 0.3149606 | BR98: 0.9448819 | BS98: 3.622047 | BU98: 0 | BV98: 0 | BZ98: 0 | CA98: 0 | CD98: 0.7874016 | CE98: 0 | CG98: 0 | CI98: 0 | CJ98: 1.102362 | CK98: 0.1574803 | CL98: 0 | CM98: 0 | CN98: 0 | CP98: 0 | CQ98: 0 | CR98: 0 | CS98: 0 | CT98: 0 | CU98: 0 | CV98: 0 | CW98: 0 | CX98: 0 | CY98: 0 | CZ98: 0 | DA98: 0 | DB98: 0 | DC98: 0 | DD98: 0 | DE98: 0 | DF98: 0 | DG98: 0 | DH98: 0 | DI98: =SUM(C98:DH98)-AT98 -> 131 | DJ98: Allerød
A99: 13560 | B99: 12.094 | E99: 0 | F99: 4.94012 | G99: 0 | H99: 45.35928 | J99: 0 | K99: 0.748503 | L99: 0 | M99: 0.1497006 | Q99: 0 | S99: 0.1497006 | T99: 0 | V99: 0 | W99: 0 | X99: 6.437126 | Z99: 0 | AC99: 0 | AD99: 0 | AF99: 3.592814 | AI99: 0.4491018 | AJ99: 17.36527 | AL99: 0.1497006 | AO99: 0.5988024 | AP99: 0 | AQ99: 0 | AV99: 0 | AW99: 0 | AY99: 3 | BA99: 16 | BB99: 0 | BC99: 11.97605 | BD99: 0 | BE99: 0.1497006 | BG99: 0 | BH99: 0.4491018 | BI99: 3 | BJ99: 0 | BL99: 0 | BM99: 1.646707 | BQ99: 0 | BR99: 0.748503 | BS99: 2.994012 | BU99: 0 | BV99: 0 | BZ99: 0 | CA99: 0 | CD99: 0.748503 | CE99: 0 | CG99: 0 | CI99: 0 | CJ99: 1.197605 | CK99: 0 | CL99: 0.1497006 | CM99: 0 | CN99: 0 | CP99: 0 | CQ99: 0 | CR99: 0 | CS99: 0 | CT99: 0 | CU99: 0 | CV99: 0 | CW99: 0 | CX99: 0 | CY99: 0 | CZ99: 0 | DA99: 0 | DB99: 0 | DC99: 0 | DD99: 0 | DE99: 0 | DF99: 0 | DG99: 0 | DH99: 0 | DI99: =SUM(C99:DH99)-AT99 -> 122 | DJ99: Allerød
A100: 13587 | B100: 12.116 | E100: 0 | F100: 4.333869 | G100: 0.3210273 | H100: 41.73355 | J100: 0 | K100: 0.8025682 | L100: 0 | M100: 0 | Q100: 0 | S100: 0 | T100: 0.1605136 | V100: 0 | W100: 0 | X100: 6.420546 | Z100: 1 | AC100: 0 | AD100: 0 | AF100: 2.086677 | AI100: 0.8025682 | AJ100: 16.69342 | AL100: 0 | AO100: 0.4815409 | AP100: 0 | AQ100: 0 | AV100: 0 | AW100: 0 | AY100: 2 | BA100: 33 | BB100: 0 | BC100: 16.69342 | BD100: 0 | BE100: 0 | BG100: 0 | BH100: 1.123595 | BI100: 3 | BJ100: 0.1605136 | BL100: 0 | BM100: 1.444623 | BQ100: 0.1605136 | BR100: 0.6420546 | BS100: 4.012841 | BU100: 0.1605136 | BV100: 0 | BZ100: 0 | CA100: 0 | CD100: 0.4815409 | CE100: 0 | CG100: 0 | CI100: 0 | CJ100: 1.284109 | CK100: 0 | CL100: 0 | CM100: 0 | CN100: 0 | CP100: 0 | CQ100: 0 | CR100: 1 | CS100: 0 | CT100: 0 | CU100: 0 | CV100: 0 | CW100: 0 | CX100: 0 | CY100: 0 | CZ100: 0 | DA100: 0 | DB100: 0 | DC100: 0 | DD100: 0 | DE100: 0 | DF100: 0 | DG100: 0 | DH100: 0 | DI100: =SUM(C100:DH100)-AT100 -> 140 | DJ100: Allerød
... A156: 15030 | B156: 13.496 | E156: 1.136364 | F156: 3.787879 | G156: 0.5681818 | H156: 1.325758 | J156: 0.3787879 | K156: 0 | L156: 0.7575758 | M156: 0.5681818 | Q156: 0 | S156: 1.704545 | T156: 2.083333 | V156: 0.5681818 | W156: 1.136364 | X156: 37.5 | Z156: 0 | AC156: 0 | AD156: 3 | AF156: 0 | AI156: 0 | AJ156: 10.98485 | AL156: 0.7575758 | AO156: 0.1893939 | AP156: 0 | AQ156: 0 | AV156: 0 | AW156: 0 | AY156: 0 | BA156: 28 | BB156: 1.704545 | BC156: 32.19697 | BD156: 0 | BE156: 0 | BG156: 0 | BH156: 0 | BI156: 2 | BJ156: 0 | BL156: 0.5681818 | BM156: 0 | BQ156: 0 | BR156: 0 | BS156: 1.136364 | BU156: 0 | BV156: 0 | BZ156: 2 | CA156: 0 | CD156: 0 | CE156: 0.1893939 | CG156: 0 | CI156: 0.1893939 | CJ156: 0 | CK156: 0 | CL156: 0 | CM156: 0 | CN156: 0 | CP156: 0 | CQ156: 0 | CR156: 0 | CS156: 0 | CT156: 0.5681818 | CU156: 0 | CV156: 0 | CW156: 0 | CX156: 0 | CY156: 0 | CZ156: 0 | DA156: 0 | DB156: 0 | DC156: 0 | DD156: 0 | DE156: 0 | DF156: 0 | DG156: 0 | DH156: 0 | DI156: =SUM(C156:DH156)-AT156 -> 135 | DJ156: Pleniglacial

Sheet LittLittStackedPer
A1: age | B1: depth | C1: Acer | D1: Alisma | E1: Alnus | F1: Artemisia | G1: Asteroideae | H1: Betula | I1: Buxus | J1: Calluna vulgaris | K1: Campanula type | L1: Carpinus | M1: Caryophyllaceae | N1: Centaurea | O1: Centaurea cyanus-type | P1: Centaurea jacea-type | Q1: Centaurea scabiosa | R1: Cerealia-type | S1: Chenopodiaceae | T1: Cichorioideae | U1: Circaea | V1: Corylus | W1: Cruciferae | X1: Cyperaceae | Y1: Echium | Z1: Equisetum | AA1: Euonymus europaeus | AB1: Fagopyrum | AC1: Fagus | AD1: Filicopsida monolete undifferentiated | AE1: Filicopsida trilete undifferentiated | AF1: Filipendula | AG1: Frangula | AH1: Fraxinus | AI1: Galium-type | AJ1: Gramineae | AK1: Hedera | AL1: Helianthemum | AM1: Humulus/Cannabis | AN1: Juglans | AO1: Juniperus | AP1: Labiatae | AQ1: Leguminosae | AR1: Lithospermum-type | AS1: Littorella uniflora | AT1: Lycopodium (added) | AU1: Lycopodium clavatum | AV1: Mentha-type | AW1: Menyanthes trifoliata | AX1: Myriophyllum alterniflorum | AY1: Myriophyllum spicatum/verticillatum | AZ1: Nymphaea | BA1: Pediastrum | BB1: Picea | BC1: Pinus | BD1: Plantago lanceolata | BE1: Plantago major/media | BF1: Polygonum amphibium | BG1: Polygonum aviculare | BH1: Populus | BI1: Potamogeton | BJ1: Potentilla-type | BK1: Pteridium aquilinum | BL1: Quercus | BM1: Ranunculaceae | BN1: Ranunculus subgen. Batrachium | BO1: Ranunculus-type | BP1: Rhamnus catharticus | BQ1: Rosaceae | BR1: Rumex-type | BS1: Salix | BT1: Sambucus | BU1: Sanguisorba minor | BV1: Saxifraga stellaris-type | BW1: Secale | BX1: Sparganium-type | BY1: Spergula | BZ1: Sphagnum | CA1: Succisa | CB1: Symphytum | CC1: Taxus | CD1: Thalictrum-type | CE1: Tilia | CF1: Trifolium-type | CG1: Typha angustifolia/Sparganium | CH1: Typha latifolia-type | CI1: Ulmus | CJ1: Umbelliferae | CK1: Urtica-type | CL1: Vaccinium-type | CM1: Valeriana | CN1: Vicia-type | CO1: Viscum | CP1: Abies | CQ1: Armeria | CR1: Botrychium | CS1: Empetrum nigrum | CT1: Ephedra distachya-type | CU1: Epilobium | CV1: Ericaceae | CW1: Filipendula-type | CX1: Gentianaceae | CY1: Geranium | CZ1: Hippophae rhamnoides | DA1: Hypericum-type | DB1: Melampyrum | DC1: Polemonium caeruleum | DD1: Polygonum bistorta | DE1: Sanguisorba officinalis | DF1: Saxifraga oppositifolia-type | DG1: Scrophulariaceae | DH1: Selaginella selaginoides | DI1: SUM | DJ1: PollenZone | DK1: AP | DL1: NAP | DM1: AQ
A2: group | C2: Arboreal | D2: Aquatic | E2: Arboreal | F2: Herb | G2: Herb | H2: Arboreal | I2: Arboreal | J2: Herb | K2: Herb | L2: Arboreal | M2: Herb | N2: Herb | O2: Herb | P2: Herb | Q2: Herb | R2: Herb | S2: Herb | T2: Herb | U2: Herb | V2: Arboreal | W2: Herb | X2: Herb | Y2: Herb | Z2: Aquatic | AA2: Arboreal | AB2: Herb | AC2: Arboreal | AD2: Aquatic | AE2: Aquatic | AF2: Herb | AG2: Arboreal | AH2: Arboreal | AI2: Herb | AJ2: Herb | AK2: Herb | AL2: Herb | AM2: Herb | AN2: Arboreal | AO2: Arboreal | AP2: Herb | AQ2: Herb | AR2: Herb | AS2: Aquatic | AT2: Spike | AU2: Herb | AV2: Herb | AW2: Aquatic | AX2: Aquatic | AY2: Aquatic | AZ2: Aquatic | BA2: Aquatic | BB2: Arboreal | BC2: Arboreal | BD2: Herb | BE2: Herb | BF2: Herb | BG2: Herb | BH2: Arboreal | BI2: Aquatic | BJ2: Herb | BK2: Fern | BL2: Arboreal | BM2: Herb | BN2: Herb | BO2: Herb | BP2: Arboreal | BQ2: Herb | BR2: Herb | BS2: Arboreal | BT2: Arboreal | BU2: Herb | BV2: Herb | BW2: Herb | BX2: Aquatic | BY2: Herb | BZ2: Aquatic | CA2: Herb | CB2: Herb | CC2: Arboreal | CD2: Herb | CE2: Arboreal | CF2: Herb | CG2: Aquatic | CH2: Aquatic | CI2: Arboreal | CJ2: Herb | CK2: Herbs | CL2: Herb | CM2: Herb | CN2: Herb | CO2: Herb | CP2: Arboreal | CQ2: Herb | CR2: Aquatic | CS2: Herb | CT2: Arboreal | CU2: Herb | CV2: Herb | CW2: Herb | CX2: Herb | CY2: Herb | CZ2: Arboreal | DA2: Herb | DB2: Herb | DC2: Herb | DD2: Herb | DE2: Herb | DF2: Herb | DG2: Herb | DH2: Aquatic | DI2: P | DJ2: zone | DK2: P | DL2: P | DM2: P
A3: Age Litt_2009 | B3: Depth sed [m] | C3: Acer | D3: Alisma | E3: Alnus | F3: Artemisia | G3: Asteroideae | H3: Betula | I3: Buxus | J3: Calluna vulgaris | K3: Campanula type | L3: Carpinus | M3: Caryophyllaceae | N3: Centaurea | O3: Centaurea cyanus-type | P3: Centaurea jacea-type | Q3: Centaurea scabiosa | R3: Cerealia-type | S3: Chenopodiaceae | T3: Cichorioideae | U3: Circaea | V3: Corylus | W3: Cruciferae | X3: Cyperaceae | Y3: Echium | Z3: Equisetum | AA3: Euonymus europaeus | AB3: Fagopyrum | AC3: Fagus | AD3: Filicopsida monolete undifferentiated | AE3: Filicopsida trilete undifferentiated | AF3: Filipendula | AG3: Frangula | AH3: Fraxinus | AI3: Galium-type | AJ3: Gramineae | AK3: Hedera | AL3: Helianthemum | AM3: Humulus/Cannabis | AN3: Juglans | AO3: Juniperus | AP3: Labiatae | AQ3: Leguminosae | AR3: Lithospermum-type | AS3: Littorella uniflora | AT3: Lycopodium (added) | AU3: Lycopodium clavatum | AV3: Mentha-type | AW3: Menyanthes trifoliata | AX3: Myriophyllum alterniflorum | AY3: Myriophyllum spicatum/verticillatum | AZ3: Nymphaea | BA3: Pediastrum | BB3: Picea | BC3: Pinus | BD3: Plantago lanceolata | BE3: Plantago major/media | BF3: Polygonum amphibium | BG3: Polygonum aviculare | BH3: Populus | BI3: Potamogeton | BJ3: Potentilla-type | BK3: Pteridium aquilinum | BL3: Quercus | BM3: Ranunculaceae | BN3: Ranunculus subgen. Batrachium | BO3: Ranunculus-type | BP3: Rhamnus catharticus | BQ3: Rosaceae | BR3: Rumex-type | BS3: Salix | BT3: Sambucus | BU3: Sanguisorba minor | BV3: Saxifraga stellaris-type | BW3: Secale | BX3: Sparganium-type | BY3: Spergula | BZ3: Sphagnum | CA3: Succisa | CB3: Symphytum | CC3: Taxus | CD3: Thalictrum-type | CE3: Tilia | CF3: Trifolium-type | CG3: Typha angustifolia/Sparganium | CH3: Typha latifolia-type | CI3: Ulmus | CJ3: Umbelliferae | CK3: Urtica-type | CL3: Vaccinium-type | CM3: Valeriana | CN3: Vicia-type | CO3: Viscum | CP3: Abies | CQ3: Armeria | CR3: Botrychium | CS3: Empetrum nigrum | CT3: Ephedra distachya-type | CU3: Epilobium | CV3: Ericaceae | CW3: Filipendula-type | CX3: Gentianaceae | CY3: Geranium | CZ3: Hippophae rhamnoides | DA3: Hypericum-type | DB3: Melampyrum | DC3: Polemonium caeruleum | DD3: Polygonum bistorta | DE3: Sanguisorba officinalis | DF3: Saxifraga oppositifolia-type | DG3: Scrophulariaceae | DH3: Selaginella selaginoides | DI3: SUM | DJ3: Pollenzone | DK3: AP | DL3: NAP | DM3: AQ
A4: 0 | B4: 0 | C4: =LittLittStacked!C4/LittLittStacked!$DI4*100 -> 0 | D4: =LittLittStacked!D4/LittLittStacked!$DI4*100 -> 0 | E4: =LittLittStacked!E4/LittLittStacked!$DI4*100 -> 3.4753363 | F4: =LittLittStacked!F4/LittLittStacked!$DI4*100 -> 0.44843049 | G4: =LittLittStacked!G4/LittLittStacked!$DI4*100 -> 0.44843049 | H4: =LittLittStacked!H4/LittLittStacked!$DI4*100 -> 4.7085202 | I4: =LittLittStacked!I4/LittLittStacked!$DI4*100 -> 0 | J4: =LittLittStacked!J4/LittLittStacked!$DI4*100 -> 0.22421525 | ... AS4: =LittLittStacked!AS4/LittLittStacked!$DI4*100 -> 0 | AT4: 0 | AU4: =LittLittStacked!AU4/LittLittStacked!$DI4*100 -> 8.7443946 | AV4: =LittLittStacked!AV4/LittLittStacked!$DI4*100 -> 0 | AW4: =LittLittStacked!AW4/LittLittStacked!$DI4*100 -> 0 | AX4: =LittLittStacked!AX4/LittLittStacked!$DI4*100 -> 0.44843049 | AY4: =LittLittStacked!AY4/LittLittStacked!$DI4*100 -> 1.1210762 | AZ4: =LittLittStacked!AZ4/LittLittStacked!$DI4*100 -> 0 | BA4: =LittLittStacked!BA4/LittLittStacked!$DI4*100 -> 0.89686099 | BB4: =LittLittStacked!BB4/LittLittStacked!$DI4*100 -> 4.4843049 | ... DH4: =LittLittStacked!DH4/LittLittStacked!$DI4*100 -> 0 | DI4: =SUM(C4:DH4)-AT4 -> 100 | DJ4: Holocene | DK4: =SUM(C4,E4,H4,I4,L4,V4,AA4,AC4,AH4,AG4,AN4,AO4,BB4,BC4,BH4,BL4,BP4,BT4,BS4,CC4,CE4,CI4,CP4,CT4,CZ4) -> 49.55157 | DL4: =100-DK4 -> 50.44843 | DM4: =SUM(DH4,CR4,CH4,CG4,BZ4,BX4,BI4,BA4,AY4,AX4,AW4,AS4,AE4,AD4,Z4,D4) -> 3.0269058
A5: =((($A$4-$A$8))/(($B$4-$B$8*10))+A4) -> 30 | B5: 0.1 | C5: =LittLittStacked!C5/LittLittStacked!$DI5*100 -> 0 | D5: =LittLittStacked!D5/LittLittStacked!$DI5*100 -> 0 | E5: =LittLittStacked!E5/LittLittStacked!$DI5*100 -> 1.9548872 | F5: =LittLittStacked!F5/LittLittStacked!$DI5*100 -> 0.37593985 | G5: =LittLittStacked!G5/LittLittStacked!$DI5*100 -> 0.30075188 | H5: =LittLittStacked!H5/LittLittStacked!$DI5*100 -> 4.2105263 | I5: =LittLittStacked!I5/LittLittStacked!$DI5*100 -> 0.07518797 | J5: =LittLittStacked!J5/LittLittStacked!$DI5*100 -> 0.07518797 | ... AS5: =LittLittStacked!AS5/LittLittStacked!$DI5*100 -> 0 | AT5: 0 | AU5: =LittLittStacked!AU5/LittLittStacked!$DI5*100 -> 11.578947 | AV5: =LittLittStacked!AV5/LittLittStacked!$DI5*100 -> 0.15037594 | AW5: =LittLittStacked!AW5/LittLittStacked!$DI5*100 -> 0.07518797 | AX5: =LittLittStacked!AX5/LittLittStacked!$DI5*100 -> 0 | AY5: =LittLittStacked!AY5/LittLittStacked!$DI5*100 -> 1.0526316 | AZ5: =LittLittStacked!AZ5/LittLittStacked!$DI5*100 -> 0 | BA5: =LittLittStacked!BA5/LittLittStacked!$DI5*100 -> 0.7518797 | BB5: =LittLittStacked!BB5/LittLittStacked!$DI5*100 -> 3.0827068 | ... DH5: =LittLittStacked!DH5/LittLittStacked!$DI5*100 -> 0 | DI5: =SUM(C5:DH5)-AT5 -> 100 | DJ5: Holocene | DK5: =SUM(C5,E5,H5,I5,L5,V5,AA5,AC5,AH5,AG5,AN5,AO5,BB5,BC5,BH5,BL5,BP5,BT5,BS5,CC5,CE5,CI5,CP5,CT5,CZ5) -> 35.714286 | DL5: =100-DK5 -> 64.285714 | DM5: =SUM(DH5,CR5,CH5,CG5,BZ5,BX5,BI5,BA5,AY5,AX5,AW5,AS5,AE5,AD5,Z5,D5) -> 3.0075188
A6: =((($A$4-$A$8))/(($B$4-$B$8*10))+A5) -> 60 | B6: 0.2 | C6: =LittLittStacked!C6/LittLittStacked!$DI6*100 -> 0.0691085 | D6: =LittLittStacked!D6/LittLittStacked!$DI6*100 -> 0 | E6: =LittLittStacked!E6/LittLittStacked!$DI6*100 -> 3.040774 | F6: =LittLittStacked!F6/LittLittStacked!$DI6*100 -> 0.0691085 | G6: =LittLittStacked!G6/LittLittStacked!$DI6*100 -> 0.6219765 | H6: =LittLittStacked!H6/LittLittStacked!$DI6*100 -> 3.8009675 | I6: =LittLittStacked!I6/LittLittStacked!$DI6*100 -> 0 | J6: =LittLittStacked!J6/LittLittStacked!$DI6*100 -> 0.691085 | ... AS6: =LittLittStacked!AS6/LittLittStacked!$DI6*100 -> 0 | AT6: 0 | AU6: =LittLittStacked!AU6/LittLittStacked!$DI6*100 -> 12.646856 | AV6: =LittLittStacked!AV6/LittLittStacked!$DI6*100 -> 0.0691085 | AW6: =LittLittStacked!AW6/LittLittStacked!$DI6*100 -> 0 | AX6: =LittLittStacked!AX6/LittLittStacked!$DI6*100 -> 0.3455425 | AY6: =LittLittStacked!AY6/LittLittStacked!$DI6*100 -> 0.3455425 | AZ6: =LittLittStacked!AZ6/LittLittStacked!$DI6*100 -> 0 | BA6: =LittLittStacked!BA6/LittLittStacked!$DI6*100 -> 2.6952315 | BB6: =LittLittStacked!BB6/LittLittStacked!$DI6*100 -> 2.902557 | ... DH6: =LittLittStacked!DH6/LittLittStacked!$DI6*100 -> 0 | DI6: =SUM(C6:DH6)-AT6 -> 100 | DJ6: Holocene | DK6: =SUM(C6,E6,H6,I6,L6,V6,AA6,AC6,AH6,AG6,AN6,AO6,BB6,BC6,BH6,BL6,BP6,BT6,BS6,CC6,CE6,CI6,CP6,CT6,CZ6) -> 36.558397 | DL6: =100-DK6 -> 63.441603 | DM6: =SUM(DH6,CR6,CH6,CG6,BZ6,BX6,BI6,BA6,AY6,AX6,AW6,AS6,AE6,AD6,Z6,D6) -> 4.14651
A7: =((($A$4-$A$8))/(($B$4-$B$8*10))+A6) -> 90 | B7: 0.3 | C7: =LittLittStacked!C7/LittLittStacked!$DI7*100 -> 0 | D7: =LittLittStacked!D7/LittLittStacked!$DI7*100 -> 0 | E7: =LittLittStacked!E7/LittLittStacked!$DI7*100 -> 1.9579405 | F7: =LittLittStacked!F7/LittLittStacked!$DI7*100 -> 0.29006526 | G7: =LittLittStacked!G7/LittLittStacked!$DI7*100 -> 0.36258158 | H7: =LittLittStacked!H7/LittLittStacked!$DI7*100 -> 3.1182016 | I7: =LittLittStacked!I7/LittLittStacked!$DI7*100 -> 0 | J7: =LittLittStacked!J7/LittLittStacked!$DI7*100 -> 0.14503263 | ... AS7: =LittLittStacked!AS7/LittLittStacked!$DI7*100 -> 0.21754895 | AT7: 0 | AU7: =LittLittStacked!AU7/LittLittStacked!$DI7*100 -> 14.865845 | AV7: =LittLittStacked!AV7/LittLittStacked!$DI7*100 -> 0.072516316 | AW7: =LittLittStacked!AW7/LittLittStacked!$DI7*100 -> 0 | AX7: =LittLittStacked!AX7/LittLittStacked!$DI7*100 -> 0 | AY7: =LittLittStacked!AY7/LittLittStacked!$DI7*100 -> 0.94271211 | AZ7: =LittLittStacked!AZ7/LittLittStacked!$DI7*100 -> 0 | BA7: =LittLittStacked!BA7/LittLittStacked!$DI7*100 -> 1.7403916 | BB7: =LittLittStacked!BB7/LittLittStacked!$DI7*100 -> 2.5380711 | ... DH7: =LittLittStacked!DH7/LittLittStacked!$DI7*100 -> 0 | DI7: =SUM(C7:DH7)-AT7 -> 100 | DJ7: Holocene | DK7: =SUM(C7,E7,H7,I7,L7,V7,AA7,AC7,AH7,AG7,AN7,AO7,BB7,BC7,BH7,BL7,BP7,BT7,BS7,CC7,CE7,CI7,CP7,CT7,CZ7) -> 36.330674 | DL7: =100-DK7 -> 63.669326 | DM7: =SUM(DH7,CR7,CH7,CG7,BZ7,BX7,BI7,BA7,AY7,AX7,AW7,AS7,AE7,AD7,Z7,D7) -> 3.5532995
A8: 120 | B8: 0.4 | C8: =LittLittStacked!C8/LittLittStacked!$DI8*100 -> 0 | D8: =LittLittStacked!D8/LittLittStacked!$DI8*100 -> 0 | E8: =LittLittStacked!E8/LittLittStacked!$DI8*100 -> 2.8358209 | F8: =LittLittStacked!F8/LittLittStacked!$DI8*100 -> 0.2238806 | G8: =LittLittStacked!G8/LittLittStacked!$DI8*100 -> 0.44776119 | H8: =LittLittStacked!H8/LittLittStacked!$DI8*100 -> 3.7313433 | I8: =LittLittStacked!I8/LittLittStacked!$DI8*100 -> 0 | J8: =LittLittStacked!J8/LittLittStacked!$DI8*100 -> 0 | ... AS8: =LittLittStacked!AS8/LittLittStacked!$DI8*100 -> 0.074626866 | AT8: 0 | AU8: =LittLittStacked!AU8/LittLittStacked!$DI8*100 -> 13.58209 | AV8: =LittLittStacked!AV8/LittLittStacked!$DI8*100 -> 0 | AW8: =LittLittStacked!AW8/LittLittStacked!$DI8*100 -> 0 | AX8: =LittLittStacked!AX8/LittLittStacked!$DI8*100 -> 0 | AY8: =LittLittStacked!AY8/LittLittStacked!$DI8*100 -> 0.52238806 | AZ8: =LittLittStacked!AZ8/LittLittStacked!$DI8*100 -> 0.2238806 | BA8: =LittLittStacked!BA8/LittLittStacked!$DI8*100 -> 1.7910448 | BB8: =LittLittStacked!BB8/LittLittStacked!$DI8*100 -> 2.0895522 | ... DH8: =LittLittStacked!DH8/LittLittStacked!$DI8*100 -> 0 | DI8: =SUM(C8:DH8)-AT8 -> 100 | DJ8: Holocene | DK8: =SUM(C8,E8,H8,I8,L8,V8,AA8,AC8,AH8,AG8,AN8,AO8,BB8,BC8,BH8,BL8,BP8,BT8,BS8,CC8,CE8,CI8,CP8,CT8,CZ8) -> 36.567164 | DL8: =100-DK8 -> 63.432836 | DM8: =SUM(DH8,CR8,CH8,CG8,BZ8,BX8,BI8,BA8,AY8,AX8,AW8,AS8,AE8,AD8,Z8,D8) -> 3.5074627
A9: =(($A$8-$A$28)/(($B$8-$B$28)*10))+A8 -> 164.5 | B9: 0.5 | C9: =LittLittStacked!C9/LittLittStacked!$DI9*100 -> 0 | D9: =LittLittStacked!D9/LittLittStacked!$DI9*100 -> 0 | E9: =LittLittStacked!E9/LittLittStacked!$DI9*100 -> 1.5548282 | F9: =LittLittStacked!F9/LittLittStacked!$DI9*100 -> 0.32733224 | G9: =LittLittStacked!G9/LittLittStacked!$DI9*100 -> 0.57283142 | H9: =LittLittStacked!H9/LittLittStacked!$DI9*100 -> 2.2094926 | I9: =LittLittStacked!I9/LittLittStacked!$DI9*100 -> 0 | J9: =LittLittStacked!J9/LittLittStacked!$DI9*100 -> 0.57283142 | ... AS9: =LittLittStacked!AS9/LittLittStacked!$DI9*100 -> 0.081833061 | AT9: 0 | AU9: =LittLittStacked!AU9/LittLittStacked!$DI9*100 -> 11.620295 | AV9: =LittLittStacked!AV9/LittLittStacked!$DI9*100 -> 0 | AW9: =LittLittStacked!AW9/LittLittStacked!$DI9*100 -> 0 | AX9: =LittLittStacked!AX9/LittLittStacked!$DI9*100 -> 0 | AY9: =LittLittStacked!AY9/LittLittStacked!$DI9*100 -> 0.24549918 | AZ9: =LittLittStacked!AZ9/LittLittStacked!$DI9*100 -> 0 | BA9: =LittLittStacked!BA9/LittLittStacked!$DI9*100 -> 1.4729951 | BB9: =LittLittStacked!BB9/LittLittStacked!$DI9*100 -> 0.49099836 | ... DH9: =LittLittStacked!DH9/LittLittStacked!$DI9*100 -> 0 | DI9: =SUM(C9:DH9)-AT9 -> 100 | DJ9: Holocene | DK9: =SUM(C9,E9,H9,I9,L9,V9,AA9,AC9,AH9,AG9,AN9,AO9,BB9,BC9,BH9,BL9,BP9,BT9,BS9,CC9,CE9,CI9,CP9,CT9,CZ9) -> 29.214403 | DL9: =100-DK9 -> 70.785597 | DM9: =SUM(DH9,CR9,CH9,CG9,BZ9,BX9,BI9,BA9,AY9,AX9,AW9,AS9,AE9,AD9,Z9,D9) -> 2.4549918
A10: =(($A$8-$A$28)/(($B$8-$B$28)*10))+A9 -> 209 | B10: 0.6 | C10: =LittLittStacked!C10/LittLittStacked!$DI10*100 -> 0 | D10: =LittLittStacked!D10/LittLittStacked!$DI10*100 -> 0 | E10: =LittLittStacked!E10/LittLittStacked!$DI10*100 -> 2.3271277 | F10: =LittLittStacked!F10/LittLittStacked!$DI10*100 -> 0.13297872 | G10: =LittLittStacked!G10/LittLittStacked!$DI10*100 -> 1.0638298 | H10: =LittLittStacked!H10/LittLittStacked!$DI10*100 -> 2.5265957 | I10: =LittLittStacked!I10/LittLittStacked!$DI10*100 -> 0 | J10: =LittLittStacked!J10/LittLittStacked!$DI10*100 -> 0.66489362 | ... AS10: =LittLittStacked!AS10/LittLittStacked!$DI10*100 -> 0 | AT10: 0 | AU10: =LittLittStacked!AU10/LittLittStacked!$DI10*100 -> 9.9069149 | AV10: =LittLittStacked!AV10/LittLittStacked!$DI10*100 -> 0 | AW10: =LittLittStacked!AW10/LittLittStacked!$DI10*100 -> 0 | AX10: =LittLittStacked!AX10/LittLittStacked!$DI10*100 -> 0 | AY10: =LittLittStacked!AY10/LittLittStacked!$DI10*100 -> 0.33244681 | AZ10: =LittLittStacked!AZ10/LittLittStacked!$DI10*100 -> 0 | BA10: =LittLittStacked!BA10/LittLittStacked!$DI10*100 -> 5.0531915 | BB10: =LittLittStacked!BB10/LittLittStacked!$DI10*100 -> 0.13297872 | ... DH10: =LittLittStacked!DH10/LittLittStacked!$DI10*100 -> 0 | DI10: =SUM(C10:DH10)-AT10 -> 100 | DJ10: Holocene | DK10: =SUM(C10,E10,H10,I10,L10,V10,AA10,AC10,AH10,AG10,AN10,AO10,BB10,BC10,BH10,BL10,BP10,BT10,BS10,CC10,CE10,CI10,CP10,CT10,CZ10) -> 24.534574 | DL10: =100-DK10 -> 75.465426 | DM10: =SUM(DH10,CR10,CH10,CG10,BZ10,BX10,BI10,BA10,AY10,AX10,AW10,AS10,AE10,AD10,Z10,D10) -> 6.5824468
A11: =(($A$8-$A$28)/(($B$8-$B$28)*10))+A10 -> 253.5 | B11: 0.7 | C11: =LittLittStacked!C11/LittLittStacked!$DI11*100 -> 0.076452599 | D11: =LittLittStacked!D11/LittLittStacked!$DI11*100 -> 0 | E11: =LittLittStacked!E11/LittLittStacked!$DI11*100 -> 1.9877676 | F11: =LittLittStacked!F11/LittLittStacked!$DI11*100 -> 0 | G11: =LittLittStacked!G11/LittLittStacked!$DI11*100 -> 0.6116208 | H11: =LittLittStacked!H11/LittLittStacked!$DI11*100 -> 2.5993884 | I11: =LittLittStacked!I11/LittLittStacked!$DI11*100 -> 0 | J11: =LittLittStacked!J11/LittLittStacked!$DI11*100 -> 0.6116208 | ... AS11: =LittLittStacked!AS11/LittLittStacked!$DI11*100 -> 0 | AT11: 0 | AU11: =LittLittStacked!AU11/LittLittStacked!$DI11*100 -> 8.5626911 | AV11: =LittLittStacked!AV11/LittLittStacked!$DI11*100 -> 0 | AW11: =LittLittStacked!AW11/LittLittStacked!$DI11*100 -> 0 | AX11: =LittLittStacked!AX11/LittLittStacked!$DI11*100 -> 0 | AY11: =LittLittStacked!AY11/LittLittStacked!$DI11*100 -> 0.076452599 | AZ11: =LittLittStacked!AZ11/LittLittStacked!$DI11*100 -> 0 | BA11: =LittLittStacked!BA11/LittLittStacked!$DI11*100 -> 0.4587156 | BB11: =LittLittStacked!BB11/LittLittStacked!$DI11*100 -> 0.076452599 | ... DH11: =LittLittStacked!DH11/LittLittStacked!$DI11*100 -> 0 | DI11: =SUM(C11:DH11)-AT11 -> 100 | DJ11: Holocene | DK11: =SUM(C11,E11,H11,I11,L11,V11,AA11,AC11,AH11,AG11,AN11,AO11,BB11,BC11,BH11,BL11,BP11,BT11,BS11,CC11,CE11,CI11,CP11,CT11,CZ11) -> 33.944954 | DL11: =100-DK11 -> 66.055046 | DM11: =SUM(DH11,CR11,CH11,CG11,BZ11,BX11,BI11,BA11,AY11,AX11,AW11,AS11,AE11,AD11,Z11,D11) -> 1.3761468
A12: =(($A$8-$A$28)/(($B$8-$B$28)*10))+A11 -> 298 | B12: 0.8 | C12: =LittLittStacked!C12/LittLittStacked!$DI12*100 -> 0.065963061 | D12: =LittLittStacked!D12/LittLittStacked!$DI12*100 -> 0 | E12: =LittLittStacked!E12/LittLittStacked!$DI12*100 -> 2.7044855 | F12: =LittLittStacked!F12/LittLittStacked!$DI12*100 -> 0.13192612 | G12: =LittLittStacked!G12/LittLittStacked!$DI12*100 -> 0.72559367 | H12: =LittLittStacked!H12/LittLittStacked!$DI12*100 -> 2.0448549 | I12: =LittLittStacked!I12/LittLittStacked!$DI12*100 -> 0 | J12: =LittLittStacked!J12/LittLittStacked!$DI12*100 -> 1.3192612 | ... AS12: =LittLittStacked!AS12/LittLittStacked!$DI12*100 -> 0 | AT12: 0 | AU12: =LittLittStacked!AU12/LittLittStacked!$DI12*100 -> 16.556728 | AV12: =LittLittStacked!AV12/LittLittStacked!$DI12*100 -> 0 | AW12: =LittLittStacked!AW12/LittLittStacked!$DI12*100 -> 0 | AX12: =LittLittStacked!AX12/LittLittStacked!$DI12*100 -> 0 | AY12: =LittLittStacked!AY12/LittLittStacked!$DI12*100 -> 0.26385224 | AZ12: =LittLittStacked!AZ12/LittLittStacked!$DI12*100 -> 0 | BA12: =LittLittStacked!BA12/LittLittStacked!$DI12*100 -> 0.39577836 | BB12: =LittLittStacked!BB12/LittLittStacked!$DI12*100 -> 0 | ... DH12: =LittLittStacked!DH12/LittLittStacked!$DI12*100 -> 0 | DI12: =SUM(C12:DH12)-AT12 -> 100 | DJ12: Holocene | DK12: =SUM(C12,E12,H12,I12,L12,V12,AA12,AC12,AH12,AG12,AN12,AO12,BB12,BC12,BH12,BL12,BP12,BT12,BS12,CC12,CE12,CI12,CP12,CT12,CZ12) -> 31.332454 | DL12: =100-DK12 -> 68.667546 | DM12: =SUM(DH12,CR12,CH12,CG12,BZ12,BX12,BI12,BA12,AY12,AX12,AW12,AS12,AE12,AD12,Z12,D12) -> 2.176781
A13: =(($A$8-$A$28)/(($B$8-$B$28)*10))+A12 -> 342.5 | B13: 0.9 | C13: =LittLittStacked!C13/LittLittStacked!$DI13*100 -> 0 | D13: =LittLittStacked!D13/LittLittStacked!$DI13*100 -> 0 | E13: =LittLittStacked!E13/LittLittStacked!$DI13*100 -> 2.7456647 | F13: =LittLittStacked!F13/LittLittStacked!$DI13*100 -> 0.14450867 | G13: =LittLittStacked!G13/LittLittStacked!$DI13*100 -> 0.79479769 | H13: =LittLittStacked!H13/LittLittStacked!$DI13*100 -> 2.0953757 | I13: =LittLittStacked!I13/LittLittStacked!$DI13*100 -> 0 | J13: =LittLittStacked!J13/LittLittStacked!$DI13*100 -> 1.083815 | ... AS13: =LittLittStacked!AS13/LittLittStacked!$DI13*100 -> 0 | AT13: 0 | AU13: =LittLittStacked!AU13/LittLittStacked!$DI13*100 -> 10.693642 | AV13: =LittLittStacked!AV13/LittLittStacked!$DI13*100 -> 0 | AW13: =LittLittStacked!AW13/LittLittStacked!$DI13*100 -> 0 | AX13: =LittLittStacked!AX13/LittLittStacked!$DI13*100 -> 0 | AY13: =LittLittStacked!AY13/LittLittStacked!$DI13*100 -> 0.28901734 | AZ13: =LittLittStacked!AZ13/LittLittStacked!$DI13*100 -> 0 | BA13: =LittLittStacked!BA13/LittLittStacked!$DI13*100 -> 0.14450867 | BB13: =LittLittStacked!BB13/LittLittStacked!$DI13*100 -> 0 | ... DH13: =LittLittStacked!DH13/LittLittStacked!$DI13*100 -> 0 | DI13: =SUM(C13:DH13)-AT13 -> 100 | DJ13: Holocene | DK13: =SUM(C13,E13,H13,I13,L13,V13,AA13,AC13,AH13,AG13,AN13,AO13,BB13,BC13,BH13,BL13,BP13,BT13,BS13,CC13,CE13,CI13,CP13,CT13,CZ13) -> 34.104046 | DL13: =100-DK13 -> 65.895954 | DM13: =SUM(DH13,CR13,CH13,CG13,BZ13,BX13,BI13,BA13,AY13,AX13,AW13,AS13,AE13,AD13,Z13,D13) -> 2.2398844
A14: =(($A$8-$A$28)/(($B$8-$B$28)*10))+A13 -> 387 | B14: 1 | C14: =LittLittStacked!C14/LittLittStacked!$DI14*100 -> 0.071530758 | D14: =LittLittStacked!D14/LittLittStacked!$DI14*100 -> 0 | E14: =LittLittStacked!E14/LittLittStacked!$DI14*100 -> 1.8597997 | F14: =LittLittStacked!F14/LittLittStacked!$DI14*100 -> 0.14306152 | G14: =LittLittStacked!G14/LittLittStacked!$DI14*100 -> 0.42918455 | H14: =LittLittStacked!H14/LittLittStacked!$DI14*100 -> 2.4320458 | I14: =LittLittStacked!I14/LittLittStacked!$DI14*100 -> 0 | J14: =LittLittStacked!J14/LittLittStacked!$DI14*100 -> 1.2160229 | ... AS14: =LittLittStacked!AS14/LittLittStacked!$DI14*100 -> 0 | AT14: 0 | AU14: =LittLittStacked!AU14/LittLittStacked!$DI14*100 -> 11.874106 | AV14: =LittLittStacked!AV14/LittLittStacked!$DI14*100 -> 0.14306152 | AW14: =LittLittStacked!AW14/LittLittStacked!$DI14*100 -> 0 | AX14: =LittLittStacked!AX14/LittLittStacked!$DI14*100 -> 0 | AY14: =LittLittStacked!AY14/LittLittStacked!$DI14*100 -> 0.92989986 | AZ14: =LittLittStacked!AZ14/LittLittStacked!$DI14*100 -> 0.071530758 | BA14: =LittLittStacked!BA14/LittLittStacked!$DI14*100 -> 1.9313305 | BB14: =LittLittStacked!BB14/LittLittStacked!$DI14*100 -> 0.071530758 | ... DH14: =LittLittStacked!DH14/LittLittStacked!$DI14*100 -> 0 | DI14: =SUM(C14:DH14)-AT14 -> 100 | DJ14: Holocene | DK14: =SUM(C14,E14,H14,I14,L14,V14,AA14,AC14,AH14,AG14,AN14,AO14,BB14,BC14,BH14,BL14,BP14,BT14,BS14,CC14,CE14,CI14,CP14,CT14,CZ14) -> 34.048641 | DL14: =100-DK14 -> 65.951359 | DM14: =SUM(DH14,CR14,CH14,CG14,BZ14,BX14,BI14,BA14,AY14,AX14,AW14,AS14,AE14,AD14,Z14,D14) -> 4.148784
A15: =(($A$8-$A$28)/(($B$8-$B$28)*10))+A14 -> 431.5 | B15: 1.1 | C15: =LittLittStacked!C15/LittLittStacked!$DI15*100 -> 0.07082153 | D15: =LittLittStacked!D15/LittLittStacked!$DI15*100 -> 0 | E15: =LittLittStacked!E15/LittLittStacked!$DI15*100 -> 3.6827195 | F15: =LittLittStacked!F15/LittLittStacked!$DI15*100 -> 0.35410765 | G15: =LittLittStacked!G15/LittLittStacked!$DI15*100 -> 0.56657224 | H15: =LittLittStacked!H15/LittLittStacked!$DI15*100 -> 3.7535411 | I15: =LittLittStacked!I15/LittLittStacked!$DI15*100 -> 0 | J15: =LittLittStacked!J15/LittLittStacked!$DI15*100 -> 1.5580737 | ... AS15: =LittLittStacked!AS15/LittLittStacked!$DI15*100 -> 0 | AT15: 0 | AU15: =LittLittStacked!AU15/LittLittStacked!$DI15*100 -> 8.8526912 | AV15: =LittLittStacked!AV15/LittLittStacked!$DI15*100 -> 0.07082153 | AW15: =LittLittStacked!AW15/LittLittStacked!$DI15*100 -> 0 | AX15: =LittLittStacked!AX15/LittLittStacked!$DI15*100 -> 0 | AY15: =LittLittStacked!AY15/LittLittStacked!$DI15*100 -> 0.77903683 | AZ15: =LittLittStacked!AZ15/LittLittStacked!$DI15*100 -> 0.07082153 | BA15: =LittLittStacked!BA15/LittLittStacked!$DI15*100 -> 0.77903683 | BB15: =LittLittStacked!BB15/LittLittStacked!$DI15*100 -> 0 | ... DH15: =LittLittStacked!DH15/LittLittStacked!$DI15*100 -> 0 | DI15: =SUM(C15:DH15)-AT15 -> 100 | DJ15: Holocene | DK15: =SUM(C15,E15,H15,I15,L15,V15,AA15,AC15,AH15,AG15,AN15,AO15,BB15,BC15,BH15,BL15,BP15,BT15,BS15,CC15,CE15,CI15,CP15,CT15,CZ15) -> 44.830028 | DL15: =100-DK15 -> 55.169972 | DM15: =SUM(DH15,CR15,CH15,CG15,BZ15,BX15,BI15,BA15,AY15,AX15,AW15,AS15,AE15,AD15,Z15,D15) -> 2.5495751
A16: =(($A$8-$A$28)/(($B$8-$B$28)*10))+A15 -> 476 | B16: 1.2 | C16: =LittLittStacked!C16/LittLittStacked!$DI16*100 -> 0.13289037 | D16: =LittLittStacked!D16/LittLittStacked!$DI16*100 -> 0 | E16: =LittLittStacked!E16/LittLittStacked!$DI16*100 -> 3.3222591 | F16: =LittLittStacked!F16/LittLittStacked!$DI16*100 -> 0.13289037 | G16: =LittLittStacked!G16/LittLittStacked!$DI16*100 -> 0.93023256 | H16: =LittLittStacked!H16/LittLittStacked!$DI16*100 -> 4.0531561 | I16: =LittLittStacked!I16/LittLittStacked!$DI16*100 -> 0 | J16: =LittLittStacked!J16/LittLittStacked!$DI16*100 -> 0.33222591 | ... AS16: =LittLittStacked!AS16/LittLittStacked!$DI16*100 -> 0 | AT16: 0 | AU16: =LittLittStacked!AU16/LittLittStacked!$DI16*100 -> 11.627907 | AV16: =LittLittStacked!AV16/LittLittStacked!$DI16*100 -> 0 | AW16: =LittLittStacked!AW16/LittLittStacked!$DI16*100 -> 0.066445183 | AX16: =LittLittStacked!AX16/LittLittStacked!$DI16*100 -> 0 | AY16: =LittLittStacked!AY16/LittLittStacked!$DI16*100 -> 0.93023256 | AZ16: =LittLittStacked!AZ16/LittLittStacked!$DI16*100 -> 0 | BA16: =LittLittStacked!BA16/LittLittStacked!$DI16*100 -> 0.46511628 | BB16: =LittLittStacked!BB16/LittLittStacked!$DI16*100 -> 0.13289037 | ... DH16: =LittLittStacked!DH16/LittLittStacked!$DI16*100 -> 0 | DI16: =SUM(C16:DH16)-AT16 -> 100 | DJ16: Holocene | DK16: =SUM(C16,E16,H16,I16,L16,V16,AA16,AC16,AH16,AG16,AN16,AO16,BB16,BC16,BH16,BL16,BP16,BT16,BS16,CC16,CE16,CI16,CP16,CT16,CZ16) -> 43.45515 | DL16: =100-DK16 -> 56.54485 | DM16: =SUM(DH16,CR16,CH16,CG16,BZ16,BX16,BI16,BA16,AY16,AX16,AW16,AS16,AE16,AD16,Z16,D16) -> 2.6578073
A17: =(($A$8-$A$28)/(($B$8-$B$28)*10))+A16 -> 520.5 | B17: 1.3 | C17: =LittLittStacked!C17/LittLittStacked!$DI17*100 -> 0 | D17: =LittLittStacked!D17/LittLittStacked!$DI17*100 -> 0 | E17: =LittLittStacked!E17/LittLittStacked!$DI17*100 -> 3.2931727 | F17: =LittLittStacked!F17/LittLittStacked!$DI17*100 -> 0.24096386 | G17: =LittLittStacked!G17/LittLittStacked!$DI17*100 -> 0.40160643 | H17: =LittLittStacked!H17/LittLittStacked!$DI17*100 -> 1.0441767 | I17: =LittLittStacked!I17/LittLittStacked!$DI17*100 -> 0.080321285 | J17: =LittLittStacked!J17/LittLittStacked!$DI17*100 -> 1.2048193 | ... AS17: =LittLittStacked!AS17/LittLittStacked!$DI17*100 -> 0 | AT17: 0 | AU17: =LittLittStacked!AU17/LittLittStacked!$DI17*100 -> 8.9156627 | AV17: =LittLittStacked!AV17/LittLittStacked!$DI17*100 -> 0 | AW17: =LittLittStacked!AW17/LittLittStacked!$DI17*100 -> 0 | AX17: =LittLittStacked!AX17/LittLittStacked!$DI17*100 -> 0 | AY17: =LittLittStacked!AY17/LittLittStacked!$DI17*100 -> 0.48192771 | AZ17: =LittLittStacked!AZ17/LittLittStacked!$DI17*100 -> 0 | BA17: =LittLittStacked!BA17/LittLittStacked!$DI17*100 -> 0.080321285 | BB17: =LittLittStacked!BB17/LittLittStacked!$DI17*100 -> 0 | ... DH17: =LittLittStacked!DH17/LittLittStacked!$DI17*100 -> 0 | DI17: =SUM(C17:DH17)-AT17 -> 100 | DJ17: Holocene | DK17: =SUM(C17,E17,H17,I17,L17,V17,AA17,AC17,AH17,AG17,AN17,AO17,BB17,BC17,BH17,BL17,BP17,BT17,BS17,CC17,CE17,CI17,CP17,CT17,CZ17) -> 41.526104 | DL17: =100-DK17 -> 58.473896 | DM17: =SUM(DH17,CR17,CH17,CG17,BZ17,BX17,BI17,BA17,AY17,AX17,AW17,AS17,AE17,AD17,Z17,D17) -> 2.3293173
A18: =(($A$8-$A$28)/(($B$8-$B$28)*10))+A17 -> 565 | B18: 1.4 | C18: =LittLittStacked!C18/LittLittStacked!$DI18*100 -> 0.076335878 | D18: =LittLittStacked!D18/LittLittStacked!$DI18*100 -> 0 | E18: =LittLittStacked!E18/LittLittStacked!$DI18*100 -> 3.3587786 | F18: =LittLittStacked!F18/LittLittStacked!$DI18*100 -> 0.30534351 | G18: =LittLittStacked!G18/LittLittStacked!$DI18*100 -> 0.38167939 | H18: =LittLittStacked!H18/LittLittStacked!$DI18*100 -> 2.4427481 | I18: =LittLittStacked!I18/LittLittStacked!$DI18*100 -> 0 | J18: =LittLittStacked!J18/LittLittStacked!$DI18*100 -> 1.1450382 | ... AS18: =LittLittStacked!AS18/LittLittStacked!$DI18*100 -> 0 | AT18: 0 | AU18: =LittLittStacked!AU18/LittLittStacked!$DI18*100 -> 12.137405 | AV18: =LittLittStacked!AV18/LittLittStacked!$DI18*100 -> 0 | AW18: =LittLittStacked!AW18/LittLittStacked!$DI18*100 -> 0 | AX18: =LittLittStacked!AX18/LittLittStacked!$DI18*100 -> 0 | AY18: =LittLittStacked!AY18/LittLittStacked!$DI18*100 -> 0.83969466 | AZ18: =LittLittStacked!AZ18/LittLittStacked!$DI18*100 -> 0 | BA18: =LittLittStacked!BA18/LittLittStacked!$DI18*100 -> 0.45801527 | BB18: =LittLittStacked!BB18/LittLittStacked!$DI18*100 -> 0.076335878 | ... DH18: =LittLittStacked!DH18/LittLittStacked!$DI18*100 -> 0 | DI18: =SUM(C18:DH18)-AT18 -> 100 | DJ18: Holocene | DK18: =SUM(C18,E18,H18,I18,L18,V18,AA18,AC18,AH18,AG18,AN18,AO18,BB18,BC18,BH18,BL18,BP18,BT18,BS18,CC18,CE18,CI18,CP18,CT18,CZ18) -> 48.70229 | DL18: =100-DK18 -> 51.29771 | DM18: =SUM(DH18,CR18,CH18,CG18,BZ18,BX18,BI18,BA18,AY18,AX18,AW18,AS18,AE18,AD18,Z18,D18) -> 3.0534351
A19: =(($A$8-$A$28)/(($B$8-$B$28)*10))+A18 -> 609.5 | B19: 1.5 | C19: =LittLittStacked!C19/LittLittStacked!$DI19*100 -> 0.073046019 | D19: =LittLittStacked!D19/LittLittStacked!$DI19*100 -> 0 | E19: =LittLittStacked!E19/LittLittStacked!$DI19*100 -> 4.2366691 | F19: =LittLittStacked!F19/LittLittStacked!$DI19*100 -> 0.29218408 | G19: =LittLittStacked!G19/LittLittStacked!$DI19*100 -> 0.073046019 | H19: =LittLittStacked!H19/LittLittStacked!$DI19*100 -> 3.2870709 | I19: =LittLittStacked!I19/LittLittStacked!$DI19*100 -> 0 | J19: =LittLittStacked!J19/LittLittStacked!$DI19*100 -> 0.58436815 | ... AS19: =LittLittStacked!AS19/LittLittStacked!$DI19*100 -> 0 | AT19: 0 | AU19: =LittLittStacked!AU19/LittLittStacked!$DI19*100 -> 9.0577064 | AV19: =LittLittStacked!AV19/LittLittStacked!$DI19*100 -> 0.14609204 | AW19: =LittLittStacked!AW19/LittLittStacked!$DI19*100 -> 0 | AX19: =LittLittStacked!AX19/LittLittStacked!$DI19*100 -> 0.14609204 | AY19: =LittLittStacked!AY19/LittLittStacked!$DI19*100 -> 0.29218408 | AZ19: =LittLittStacked!AZ19/LittLittStacked!$DI19*100 -> 0.073046019 | BA19: =LittLittStacked!BA19/LittLittStacked!$DI19*100 -> 0.29218408 | BB19: =LittLittStacked!BB19/LittLittStacked!$DI19*100 -> 0.073046019 | ... DH19: =LittLittStacked!DH19/LittLittStacked!$DI19*100 -> 0 | DI19: =SUM(C19:DH19)-AT19 -> 100 | DJ19: Holocene | DK19: =SUM(C19,E19,H19,I19,L19,V19,AA19,AC19,AH19,AG19,AN19,AO19,BB19,BC19,BH19,BL19,BP19,BT19,BS19,CC19,CE19,CI19,CP19,CT19,CZ19) -> 49.086925 | DL19: =100-DK19 -> 50.913075 | DM19: =SUM(DH19,CR19,CH19,CG19,BZ19,BX19,BI19,BA19,AY19,AX19,AW19,AS19,AE19,AD19,Z19,D19) -> 3.5792549
A20: =(($A$8-$A$28)/(($B$8-$B$28)*10))+A19 -> 654 | B20: 1.6 | C20: =LittLittStacked!C20/LittLittStacked!$DI20*100 -> 0 | D20: =LittLittStacked!D20/LittLittStacked!$DI20*100 -> 0 | E20: =LittLittStacked!E20/LittLittStacked!$DI20*100 -> 3.961136 | F20: =LittLittStacked!F20/LittLittStacked!$DI20*100 -> 0.074738416 | G20: =LittLittStacked!G20/LittLittStacked!$DI20*100 -> 0.67264574 | H20: =LittLittStacked!H20/LittLittStacked!$DI20*100 -> 3.6621824 | I20: =LittLittStacked!I20/LittLittStacked!$DI20*100 -> 0 | J20: =LittLittStacked!J20/LittLittStacked!$DI20*100 -> 1.1210762 | ... AS20: =LittLittStacked!AS20/LittLittStacked!$DI20*100 -> 0 | AT20: 0 | AU20: =LittLittStacked!AU20/LittLittStacked!$DI20*100 -> 16.816143 | AV20: =LittLittStacked!AV20/LittLittStacked!$DI20*100 -> 0 | AW20: =LittLittStacked!AW20/LittLittStacked!$DI20*100 -> 0 | AX20: =LittLittStacked!AX20/LittLittStacked!$DI20*100 -> 0 | AY20: =LittLittStacked!AY20/LittLittStacked!$DI20*100 -> 0.22421525 | AZ20: =LittLittStacked!AZ20/LittLittStacked!$DI20*100 -> 0 | BA20: =LittLittStacked!BA20/LittLittStacked!$DI20*100 -> 0.074738416 | BB20: =LittLittStacked!BB20/LittLittStacked!$DI20*100 -> 0.074738416 | ... DH20: =LittLittStacked!DH20/LittLittStacked!$DI20*100 -> 0 | DI20: =SUM(C20:DH20)-AT20 -> 100 | DJ20: Holocene | DK20: =SUM(C20,E20,H20,I20,L20,V20,AA20,AC20,AH20,AG20,AN20,AO20,BB20,BC20,BH20,BL20,BP20,BT20,BS20,CC20,CE20,CI20,CP20,CT20,CZ20) -> 35.276532 | DL20: =100-DK20 -> 64.723468 | DM20: =SUM(DH20,CR20,CH20,CG20,BZ20,BX20,BI20,BA20,AY20,AX20,AW20,AS20,AE20,AD20,Z20,D20) -> 3.4379671
... A27: =(($A$8-$A$28)/(($B$8-$B$28)*10))+A26 -> 965.5 | B27: 2.3 | C27: =LittLittStacked!C27/LittLittStacked!$DI27*100 -> 0.071022727 | D27: =LittLittStacked!D27/LittLittStacked!$DI27*100 -> 0 | E27: =LittLittStacked!E27/LittLittStacked!$DI27*100 -> 16.974432 | F27: =LittLittStacked!F27/LittLittStacked!$DI27*100 -> 0.42613636 | G27: =LittLittStacked!G27/LittLittStacked!$DI27*100 -> 0.35511364 | H27: =LittLittStacked!H27/LittLittStacked!$DI27*100 -> 2.7698864 | I27: =LittLittStacked!I27/LittLittStacked!$DI27*100 -> 0 | J27: =LittLittStacked!J27/LittLittStacked!$DI27*100 -> 0.14204545 | ... AS27: =LittLittStacked!AS27/LittLittStacked!$DI27*100 -> 0 | AT27: 0 | AU27: =LittLittStacked!AU27/LittLittStacked!$DI27*100 -> 7.5994318 | AV27: =LittLittStacked!AV27/LittLittStacked!$DI27*100 -> 0.071022727 | AW27: =LittLittStacked!AW27/LittLittStacked!$DI27*100 -> 0 | AX27: =LittLittStacked!AX27/LittLittStacked!$DI27*100 -> 0 | AY27: =LittLittStacked!AY27/LittLittStacked!$DI27*100 -> 0 | AZ27: =LittLittStacked!AZ27/LittLittStacked!$DI27*100 -> 0 | BA27: =LittLittStacked!BA27/LittLittStacked!$DI27*100 -> 0 | BB27: =LittLittStacked!BB27/LittLittStacked!$DI27*100 -> 0.14204545 | ... DH27: =LittLittStacked!DH27/LittLittStacked!$DI27*100 -> 0 | DI27: =SUM(C27:DH27)-AT27 -> 100 | DJ27: Holocene | DK27: =SUM(C27,E27,H27,I27,L27,V27,AA27,AC27,AH27,AG27,AN27,AO27,BB27,BC27,BH27,BL27,BP27,BT27,BS27,CC27,CE27,CI27,CP27,CT27,CZ27) -> 62.002841 | DL27: =100-DK27 -> 37.997159 | DM27: =SUM(DH27,CR27,CH27,CG27,BZ27,BX27,BI27,BA27,AY27,AX27,AW27,AS27,AE27,AD27,Z27,D27) -> 1.2073864
A28: 1010 | B28: 2.4 | C28: =LittLittStacked!C28/LittLittStacked!$DI28*100 -> 0.077399381 | D28: =LittLittStacked!D28/LittLittStacked!$DI28*100 -> 0 | E28: =LittLittStacked!E28/LittLittStacked!$DI28*100 -> 9.2105263 | F28: =LittLittStacked!F28/LittLittStacked!$DI28*100 -> 0.30959752 | G28: =LittLittStacked!G28/LittLittStacked!$DI28*100 -> 0.15479876 | H28: =LittLittStacked!H28/LittLittStacked!$DI28*100 -> 3.1733746 | I28: =LittLittStacked!I28/LittLittStacked!$DI28*100 -> 0 | J28: =LittLittStacked!J28/LittLittStacked!$DI28*100 -> 0.077399381 | ... AS28: =LittLittStacked!AS28/LittLittStacked!$DI28*100 -> 0 | AT28: 0 | AU28: =LittLittStacked!AU28/LittLittStacked!$DI28*100 -> 5.6501548 | AV28: =LittLittStacked!AV28/LittLittStacked!$DI28*100 -> 0 | AW28: =LittLittStacked!AW28/LittLittStacked!$DI28*100 -> 0 | AX28: =LittLittStacked!AX28/LittLittStacked!$DI28*100 -> 0 | AY28: =LittLittStacked!AY28/LittLittStacked!$DI28*100 -> 0 | AZ28: =LittLittStacked!AZ28/LittLittStacked!$DI28*100 -> 0.077399381 | BA28: =LittLittStacked!BA28/LittLittStacked!$DI28*100 -> 0 | BB28: =LittLittStacked!BB28/LittLittStacked!$DI28*100 -> 0.077399381 | ... DH28: =LittLittStacked!DH28/LittLittStacked!$DI28*100 -> 0 | DI28: =SUM(C28:DH28)-AT28 -> 100 | DJ28: Holocene | DK28: =SUM(C28,E28,H28,I28,L28,V28,AA28,AC28,AH28,AG28,AN28,AO28,BB28,BC28,BH28,BL28,BP28,BT28,BS28,CC28,CE28,CI28,CP28,CT28,CZ28) -> 72.213622 | DL28: =100-DK28 -> 27.786378 | DM28: =SUM(DH28,CR28,CH28,CG28,BZ28,BX28,BI28,BA28,AY28,AX28,AW28,AS28,AE28,AD28,Z28,D28) -> 2.9411765
A29: =(($A$28-$A$48)/(($B$28-$B$48)*10))+A28 -> 1106.5 | B29: 2.5 | C29: =LittLittStacked!C29/LittLittStacked!$DI29*100 -> 0.16680567 | D29: =LittLittStacked!D29/LittLittStacked!$DI29*100 -> 0 | E29: =LittLittStacked!E29/LittLittStacked!$DI29*100 -> 31.609675 | F29: =LittLittStacked!F29/LittLittStacked!$DI29*100 -> 0.33361134 | G29: =LittLittStacked!G29/LittLittStacked!$DI29*100 -> 0.083402836 | H29: =LittLittStacked!H29/LittLittStacked!$DI29*100 -> 1.6680567 | I29: =LittLittStacked!I29/LittLittStacked!$DI29*100 -> 0 | J29: =LittLittStacked!J29/LittLittStacked!$DI29*100 -> 0 | ... AS29: =LittLittStacked!AS29/LittLittStacked!$DI29*100 -> 0 | AT29: 0 | AU29: =LittLittStacked!AU29/LittLittStacked!$DI29*100 -> 5.6713928 | AV29: =LittLittStacked!AV29/LittLittStacked!$DI29*100 -> 0 | AW29: =LittLittStacked!AW29/LittLittStacked!$DI29*100 -> 0 | AX29: =LittLittStacked!AX29/LittLittStacked!$DI29*100 -> 0 | AY29: =LittLittStacked!AY29/LittLittStacked!$DI29*100 -> 0 | AZ29: =LittLittStacked!AZ29/LittLittStacked!$DI29*100 -> 0.083402836 | BA29: =LittLittStacked!BA29/LittLittStacked!$DI29*100 -> 0 | BB29: =LittLittStacked!BB29/LittLittStacked!$DI29*100 -> 0.083402836 | ... DH29: =LittLittStacked!DH29/LittLittStacked!$DI29*100 -> 0 | DI29: =SUM(C29:DH29)-AT29 -> 100 | DJ29: Holocene | DK29: =SUM(C29,E29,H29,I29,L29,V29,AA29,AC29,AH29,AG29,AN29,AO29,BB29,BC29,BH29,BL29,BP29,BT29,BS29,CC29,CE29,CI29,CP29,CT29,CZ29) -> 86.738949 | DL29: =100-DK29 -> 13.261051 | DM29: =SUM(DH29,CR29,CH29,CG29,BZ29,BX29,BI29,BA29,AY29,AX29,AW29,AS29,AE29,AD29,Z29,D29) -> 1.0842369
A30: =(($A$28-$A$32)/(($B$28-$B$32)*10))+A29 -> 1245.25 | B30: 2.6 | C30: =LittLittStacked!C30/LittLittStacked!$DI30*100 -> 0.08312552 | D30: =LittLittStacked!D30/LittLittStacked!$DI30*100 -> 0 | E30: =LittLittStacked!E30/LittLittStacked!$DI30*100 -> 28.595179 | F30: =LittLittStacked!F30/LittLittStacked!$DI30*100 -> 0.16625104 | G30: =LittLittStacked!G30/LittLittStacked!$DI30*100 -> 0 | H30: =LittLittStacked!H30/LittLittStacked!$DI30*100 -> 1.6625104 | I30: =LittLittStacked!I30/LittLittStacked!$DI30*100 -> 0 | J30: =LittLittStacked!J30/LittLittStacked!$DI30*100 -> 0.16625104 | ... AS30: =LittLittStacked!AS30/LittLittStacked!$DI30*100 -> 0 | AT30: 0 | AU30: =LittLittStacked!AU30/LittLittStacked!$DI30*100 -> 7.4812968 | AV30: =LittLittStacked!AV30/LittLittStacked!$DI30*100 -> 0 | AW30: =LittLittStacked!AW30/LittLittStacked!$DI30*100 -> 0 | AX30: =LittLittStacked!AX30/LittLittStacked!$DI30*100 -> 0 | AY30: =LittLittStacked!AY30/LittLittStacked!$DI30*100 -> 0 | AZ30: =LittLittStacked!AZ30/LittLittStacked!$DI30*100 -> 0 | BA30: =LittLittStacked!BA30/LittLittStacked!$DI30*100 -> 0 | BB30: =LittLittStacked!BB30/LittLittStacked!$DI30*100 -> 0 | ... DH30: =LittLittStacked!DH30/LittLittStacked!$DI30*100 -> 0 | DI30: =SUM(C30:DH30)-AT30 -> 100 | DJ30: Holocene | DK30: =SUM(C30,E30,H30,I30,L30,V30,AA30,AC30,AH30,AG30,AN30,AO30,BB30,BC30,BH30,BL30,BP30,BT30,BS30,CC30,CE30,CI30,CP30,CT30,CZ30) -> 86.949293 | DL30: =100-DK30 -> 13.050707 | DM30: =SUM(DH30,CR30,CH30,CG30,BZ30,BX30,BI30,BA30,AY30,AX30,AW30,AS30,AE30,AD30,Z30,D30) -> 1.3300083
A31: =(($A$28-$A$32)/(($B$28-$B$32)*10))+A30 -> 1384 | B31: 2.7 | C31: =LittLittStacked!C31/LittLittStacked!$DI31*100 -> 0 | D31: =LittLittStacked!D31/LittLittStacked!$DI31*100 -> 0 | E31: =LittLittStacked!E31/LittLittStacked!$DI31*100 -> 22.429907 | F31: =LittLittStacked!F31/LittLittStacked!$DI31*100 -> 0.071890726 | G31: =LittLittStacked!G31/LittLittStacked!$DI31*100 -> 0 | H31: =LittLittStacked!H31/LittLittStacked!$DI31*100 -> 2.2286125 | I31: =LittLittStacked!I31/LittLittStacked!$DI31*100 -> 0 | J31: =LittLittStacked!J31/LittLittStacked!$DI31*100 -> 0 | ... AS31: =LittLittStacked!AS31/LittLittStacked!$DI31*100 -> 0 | AT31: 0 | AU31: =LittLittStacked!AU31/LittLittStacked!$DI31*100 -> 6.9015097 | AV31: =LittLittStacked!AV31/LittLittStacked!$DI31*100 -> 0 | AW31: =LittLittStacked!AW31/LittLittStacked!$DI31*100 -> 0 | AX31: =LittLittStacked!AX31/LittLittStacked!$DI31*100 -> 0 | AY31: =LittLittStacked!AY31/LittLittStacked!$DI31*100 -> 0 | AZ31: =LittLittStacked!AZ31/LittLittStacked!$DI31*100 -> 0 | BA31: =LittLittStacked!BA31/LittLittStacked!$DI31*100 -> 0 | BB31: =LittLittStacked!BB31/LittLittStacked!$DI31*100 -> 0 | ... DH31: =LittLittStacked!DH31/LittLittStacked!$DI31*100 -> 0 | DI31: =SUM(C31:DH31)-AT31 -> 100 | DJ31: Holocene | DK31: =SUM(C31,E31,H31,I31,L31,V31,AA31,AC31,AH31,AG31,AN31,AO31,BB31,BC31,BH31,BL31,BP31,BT31,BS31,CC31,CE31,CI31,CP31,CT31,CZ31) -> 87.13156 | DL31: =100-DK31 -> 12.86844 | DM31: =SUM(DH31,CR31,CH31,CG31,BZ31,BX31,BI31,BA31,AY31,AX31,AW31,AS31,AE31,AD31,Z31,D31) -> 0.86268871
